id,备注,名称,描述,图标,"获得后icon飞向的位置
1=体力
2=钻石
3=金币
9=经验
13=背包
19=炸弹包裹","-1不在背包中显示
分页签类型
1=挂机产物
2=生产产物
3=任务活动物品
4=其它","1=货币
2=探索物资
3=生产物资
4=任务道具
5=龙物资
6=龙蛋
7=体力装置消耗道具
8=商人兑换道具
9=经验
10=体力道具
11=炸弹
13=减冷却道具
14=龙
15=作物加速道具
16=龙挂机加速道具
17=龙钥匙
18=农作物",对应龙id,"生产级别：
1级产物由基础物资直接生产
2级产物生产材料至少包含1个1级生产物资
依此类推n级产物生产材料至少包含1个n-1级生产物资","生产所需物品[[物品ID,数量],[物品ID,数量]]","属于订单种类：
0 其他
1 大本营订单
2 探索订单
3 混合订单",生产时间(单位：秒),价值时间（单位：秒）,价值金币,价值钻石,价值经验,"订单物资数量限制
[超过的数量,随机数1,随机数2]","有效时间
（秒为单位限时道具用，-1为永久）","是否有使用功能
0.可以使用
1.不可使用","1=获得体力
2=龙蛋
3=饱食时间
4=体力装置值
5=清除cd道具
6=炸弹范围
7=获得龙
8=加速龙挂机的时机","若为1则为获得的体力数量
若为2则为龙蛋ID
若为3则为饱食时间
若为5，当Value=0时，直接清空cd；当Value＞0时，cd减少时间为Value的值
若为6填写炸弹爆炸爆炸半径，一个格子宽为1
若为7则不用填
若为8填写时间，单位秒","道具堆叠上限
-1为无上限
到达上限时，不在叠加","物品获取途径
-1=不显示获取途径
0=纯文本描述获取途径
1=付费商城
2=加工厂
3=龙探索产出
4=探索
5=金币商城",若为0则填写文字表key
id,remarks,name,desc,icon,widgetType,paginationType,type,dragonId,productLevel,productNeedItem,orderType,productTime,timeValue,sellCoin,price,expValue,orderNumLimit,limittime,canUse,funcType,funcParam,itemLimit,getWay,getWayParam
string,string,string,string,string,int,int,int,string,int,JSONArray,int,int,int,int,int,int,JSONArray,int,int,int,JSONArray,int,int,string
CS,,C,C,C,C,C,CS,CS,CS,CS,CS,CS,CS,CS,CS,CS,CS,CS,CS,CS,CS,CS,C,C
1000,经验值,exp,exp,icon_exp,9,-1,9,0,0,[],0,0,0,0,0,0,[],-1,1,0,[],-1,-1,
1001,钻石,diamond,diamond,icon_diamond,2,-1,1,0,0,[],0,0,0,0,0,0,[],-1,1,0,[],-1,-1,
1002,金币,gold,gold,icon_gold,3,-1,1,0,0,[],0,0,0,0,0,0,[],-1,1,0,[],-1,-1,
1003,体力,energy,energy,icon_energy,1,-1,1,0,0,[],0,0,0,0,0,0,[],-1,1,0,[],9999999,-1,
2001,草,item_2001,item_desc_2001,item_grass,13,1,2,0,0,[],2,0,180,3,1,2,"[30,25,35]",-1,1,0,[],9999,4,
2002,树脂,item_2002,item_desc_2002,item_resin,13,1,2,0,0,[],2,0,180,3,1,2,"[30,25,35]",-1,1,0,[],9999,4,
2003,木头,item_2003,item_desc_2003,item_wood,13,1,2,0,0,[],2,0,180,3,1,2,"[30,25,35]",-1,1,0,[],9999,4,
2004,石头,item_2004,item_desc_2004,item_stone,13,1,2,0,0,[],2,0,180,3,1,2,"[30,25,35]",-1,1,0,[],9999,4,
2005,铁矿,item_2005,item_desc_2005,item_iron_ore,13,1,2,0,0,[],2,0,360,3,1,2,"[30,25,35]",-1,1,0,[],9999,4,
2006,浆果,item_2006,item_desc_2006,crops_1,13,4,18,0,0,[],0,0,0,1,1,0,[],-1,0,3,[600],9999,-1,
2007,金色浆果,item_2007,item_desc_2007,crops_2,13,4,18,0,0,[],0,0,0,1,5,0,[],-1,0,3,[3600],9999,-1,
2008,巨无霸浆果,item_2008,item_desc_2008,crops_3,13,4,18,0,0,[],0,0,0,1,10,0,[],-1,0,3,[14400],9999,-1,
2100,龙源石,item_2100,item_desc_2100,item_dragon_money,13,4,2,0,0,[],0,0,0,0,80,0,[],-1,1,0,[],-1,1,
5001,小麦,item_5001,item_desc_5001,item_wheat,13,1,5,14001,0,[],1,0,60,1,1,1,"[30,25,35]",-1,1,0,[],9999,3,
5002,草莓,item_5002,item_desc_5002,item_strawberry,13,1,5,14061,0,[],1,0,300,5,1,3,"[30,25,35]",-1,1,0,[],9999,3,
5003,蓝莓,item_5003,item_desc_5003,icon4,13,1,8,0,0,[],0,0,600,10,3,7,"[30,25,35]",-1,1,0,[],9999,3,
5004,苹果,item_5004,item_desc_5004,icon4,13,1,8,0,0,[],0,0,1200,18,6,13,"[30,25,35]",-1,1,0,[],9999,3,
5005,蜂蜜,item_5005,item_desc_5005,item_honey,13,1,5,14091,0,[],3,0,900,14,4,10,"[30,25,35]",-1,1,0,[],9999,3,
5006,牛奶,item_5006,item_desc_5006,item_milk,13,1,5,14071,0,[],1,0,900,14,4,10,"[30,25,35]",-1,1,0,[],9999,3,
5007,羊毛,item_5007,item_desc_5007,icon4,13,1,8,0,0,[],0,0,1800,25,9,18,"[30,25,35]",-1,1,0,[],9999,3,
5008,紫薯,item_5008,item_desc_5008,item_purpleSweetPotato,13,1,5,14021,0,[],3,0,600,10,3,7,"[30,25,35]",-1,1,0,[],9999,3,
5009,沙石,item_5009,item_desc_5009,item_sandstone,13,1,5,14051,0,[],1,0,300,5,1,3,"[30,25,35]",-1,1,0,[],9999,3,
5010,黏土,item_5010,item_desc_5010,icon4,13,1,8,0,0,[],0,0,600,10,3,7,"[30,25,35]",-1,1,0,[],9999,3,
5011,岩石,item_5011,item_desc_5011,item_rock,13,1,5,14081,0,[],3,0,1200,18,6,13,"[30,25,35]",-1,1,0,[],9999,3,
5012,铜矿石,item_5012,item_desc_5012,item_copper_mine,13,1,5,14011,0,[],1,0,1800,25,9,18,"[30,25,35]",-1,1,0,[],9999,3,
5013,银矿石,item_5013,item_desc_5013,icon4,13,1,8,0,0,[],0,0,3000,37,15,27,"[30,25,35]",-1,1,0,[],9999,3,
5014,金矿石,item_5014,item_desc_5014,icon4,13,1,8,0,0,[],0,0,3600,45,18,33,"[30,25,35]",-1,1,0,[],9999,3,
5015,硬木,item_5015,item_desc_5015,icon4,13,1,8,0,0,[],0,0,600,10,3,7,"[30,25,35]",-1,1,0,[],9999,3,
5016,软木,item_5016,item_desc_5016,item_cork,13,1,5,14041,0,[],1,0,300,5,1,3,"[30,25,35]",-1,1,0,[],9999,3,
5017,藤蔓,item_5017,item_desc_5017,icon4,13,1,8,0,0,[],0,0,600,10,3,7,"[30,25,35]",-1,1,0,[],9999,3,
5018,木炭,item_5018,item_desc_5018,item_charcoal,13,1,5,14031,0,[],1,0,180,3,1,2,"[30,25,35]",-1,1,0,[],9999,3,
5019,红宝石,item_5019,item_desc_5019,icon4,13,1,8,0,0,[],0,0,3600,45,18,33,"[30,25,35]",-1,1,0,[],9999,3,
5020,蓝宝石,item_5020,item_desc_5020,icon4,13,1,8,0,0,[],0,0,3000,37,15,27,"[30,25,35]",-1,1,0,[],9999,3,
5021,绿宝石,item_5021,item_desc_5021,icon4,13,1,8,0,0,[],0,0,2400,30,12,22,"[30,25,35]",-1,1,0,[],9999,3,
5022,金刚石,item_5022,item_desc_5022,icon4,13,1,8,0,0,[],0,0,5400,60,27,45,"[30,25,35]",-1,1,0,[],9999,3,
3001,面粉,item_3001,item_desc_3001,item_flour,13,2,3,0,1,"[[5001,9]]",3,180,720,18,3,13,"[30,25,35]",-1,1,0,[],9999,2,
3002,奶油,item_3002,item_desc_3002,item_cream,13,2,3,0,1,"[[5006,6]]",3,300,5700,100,28,75,"[30,25,35]",-1,1,0,[],9999,2,
3003,蜜糖,item_3003,item_desc_3003,item_honeySugar,13,2,3,0,1,"[[5005,5],[5018,1]]",3,300,4980,89,24,66,"[30,25,35]",-1,1,0,[],9999,2,
3004,木料,item_3004,item_desc_3004,item_timber,13,2,3,0,1,"[[5016,5],[2001,10]]",3,180,3480,64,17,48,"[30,25,35]",-1,1,0,[],9999,2,
3005,乳胶,item_3005,item_desc_3005,item_emulsion,13,2,3,0,1,"[[2002,5],[5018,2]]",3,300,1560,37,7,27,"[30,25,35]",-1,1,0,[],9999,2,
3006,石块,item_3006,item_desc_3006,item_cut_stone,13,2,3,0,1,"[[2004,5]]",3,300,1200,31,6,23,"[30,25,35]",-1,1,0,[],9999,2,
3007,细沙,item_3007,item_desc_3007,item_fine_sand,13,2,3,0,1,"[[5009,5]]",3,300,1800,41,9,30,"[30,25,35]",-1,1,0,[],9999,2,
3008,大理石,item_3008,item_desc_3008,item_marble,13,2,3,0,1,"[[5011,9]]",3,600,7800,138,39,103,"[30,25,35]",-1,1,0,[],9999,2,
3009,铁锭,item_3009,item_desc_3009,item_iron_ingots,13,2,3,0,1,"[[2005,5]]",3,900,1800,56,9,42,"[30,25,35]",-1,1,0,[],9999,2,
3010,铜锭,item_3010,item_desc_3010,item_copper_ingot,13,2,3,0,1,"[[5012,5]]",3,1200,10200,180,51,135,"[30,25,35]",-1,1,0,[],9999,2,
3011,银锭,item_3011,item_desc_3011,icon5,13,2,3,0,1,"[[5013,5]]",0,2400,17400,285,87,213,"[30,25,35]",-1,1,0,[],9999,2,
3012,金锭,item_3012,item_desc_3012,icon5,13,2,3,0,1,"[[5014,5]]",0,3600,21600,375,108,281,"[30,25,35]",-1,1,0,[],9999,2,
3013,毛线,item_3013,item_desc_3013,icon5,13,2,3,0,1,"[[5007,5]]",0,600,9600,155,48,116,"[30,25,35]",-1,1,0,[],9999,2,
3014,棉线,item_3014,item_desc_3014,icon5,13,2,3,0,1,"[[5007,10]]",0,600,18600,280,93,210,"[30,25,35]",-1,1,0,[],9999,2,
3015,面团,item_3015,item_desc_3015,item_dough,13,2,3,0,2,"[[3001,1],[5008,6]]",3,300,4620,94,23,70,"[30,25,35]",-1,1,0,[],9999,2,
3016,木板,item_3016,item_desc_3016,item_board,13,2,3,0,2,"[[2003,5],[3004,1]]",3,600,4980,109,24,81,"[30,25,35]",-1,1,0,[],9999,2,
3017,橡胶,item_3017,item_desc_3017,item_rubber,13,2,3,0,2,"[[3005,2]]",3,900,4020,115,20,86,"[30,25,35]",-1,1,0,[],9999,2,
3018,木桩,item_3018,item_desc_3018,icon5,13,2,3,0,2,"[[5015,5],[3004,2]]",0,600,10560,208,52,156,"[30,25,35]",-1,1,0,[],9999,2,
3019,硬泥块,item_3019,item_desc_3019,icon5,13,2,3,0,2,"[[5010,5],[3007,2]]",0,900,7500,173,37,129,"[30,25,35]",-1,1,0,[],9999,2,
3020,铁丝,item_3020,item_desc_3020,item_iron_wire,13,2,3,0,2,"[[3009,1],[5018,2]]",3,1800,3960,142,19,106,"[30,25,35]",-1,1,0,[],9999,2,
3021,铜丝,item_3021,item_desc_3021,item_copper_wire,13,2,3,0,2,"[[3010,1],[5018,1]]",3,1800,12180,263,60,197,"[30,25,35]",-1,1,0,[],9999,2,
3022,铁板,item_3022,item_desc_3022,icon5,13,2,3,0,2,"[[3009,3],[5018,3]]",3,1800,7740,257,38,192,"[30,25,35]",-1,1,0,[],9999,2,
3023,布,item_3023,item_desc_3023,icon5,13,2,3,0,2,"[[3014,2]]",0,900,38100,601,190,450,"[30,25,35]",-1,1,0,[],9999,2,
3024,草莓果酱,item_3024,item_desc_3024,item_strawberry_jam,13,2,3,0,2,"[[5002,9],[3003,3]]",3,1200,18840,367,94,275,"[30,25,35]",-1,1,0,[],9999,2,
3025,蓝莓果酱,item_3025,item_desc_3025,icon5,13,2,3,0,2,"[[5003,9],[3003,3]]",0,1200,21540,412,107,309,"[30,25,35]",-1,1,0,[],9999,2,
3026,苹果果酱,item_3026,item_desc_3026,icon5,13,2,3,0,2,"[[5004,9],[3003,3]]",0,1200,26940,484,134,363,"[30,25,35]",-1,1,0,[],9999,2,
3027,金制雕花,item_3027,item_desc_3027,icon5,13,2,3,0,2,"[[3012,1],[5018,5]]",0,1800,24300,460,121,345,"[30,25,35]",-1,1,0,[],9999,2,
3028,毛衣,item_3028,item_desc_3028,icon5,13,2,3,0,2,"[[3013,5]]",0,1800,49800,855,249,641,"[30,25,35]",-1,1,0,[],9999,2,
3029,衬衫,item_3029,item_desc_3029,icon5,13,2,3,0,3,"[[3023,2]]",0,3600,79800,1352,399,1014,"[30,25,35]",-1,1,0,[],9999,2,
3030,裤子,item_3030,item_desc_3030,icon5,13,2,3,0,3,"[[3023,3]]",0,5400,119700,2023,598,1517,"[30,25,35]",-1,1,0,[],9999,2,
3031,面包圈,item_3031,item_desc_3031,icon5,13,2,3,0,3,"[[3015,1]]",0,600,5220,124,26,93,"[30,25,35]",-1,1,0,[],9999,2,
3032,木架,item_3032,item_desc_3032,item_wooden_frame,13,2,3,0,3,"[[3016,4],[3020,2]]",3,1800,29640,800,148,600,"[30,25,35]",-1,1,0,[],9999,2,
3033,灯泡,item_3033,item_desc_3033,icon5,13,2,3,0,3,"[[3020,1],[3021,1],[5018,1]]",0,2400,18720,508,93,381,"[30,25,35]",-1,1,0,[],9999,2,
3034,首饰模具,item_3034,item_desc_3034,icon5,13,2,3,0,3,"[[3022,2],[3017,2]]",0,1800,25320,824,126,618,"[30,25,35]",-1,1,0,[],9999,2,
3035,面包,item_3035,item_desc_3035,item_bread,13,2,3,0,3,"[[3015,1],[3003,2]]",3,2400,16980,372,84,279,"[30,25,35]",-1,1,0,[],9999,2,
3036,铁架,item_3036,item_desc_3036,item_Iron_frame,13,2,3,0,3,"[[3022,3],[3005,2]]",0,3600,29940,995,149,746,"[30,25,35]",-1,1,0,[],9999,2,
3037,灯架,item_3037,item_desc_3037,item_light_stand,13,2,3,0,3,"[[3010,3],[3021,2],[3017,1]]",3,3600,62580,1331,312,998,"[30,25,35]",-1,1,0,[],9999,2,
3038,水泥,item_3038,item_desc_3038,icon5,13,2,3,0,3,"[[3019,2]]",0,1800,16800,426,84,319,"[30,25,35]",-1,1,0,[],9999,2,
3039,图腾,item_3039,item_desc_3039,icon5,13,2,3,0,3,"[[3018,1],[3027,2],[3005,2]]",0,3600,65880,1352,329,1014,"[30,25,35]",-1,1,0,[],9999,2,
3040,棉服,item_3040,item_desc_3040,icon5,13,2,3,0,3,"[[3014,2],[3023,2]]",0,5400,118800,2953,594,2214,"[30,25,35]",-1,1,0,[],9999,2,
3041,奶油面包,item_3041,item_desc_3041,item_butterBread,13,2,3,0,4,"[[3035,1],[3002,3]]",3,1200,35280,727,176,545,"[30,25,35]",-1,1,0,[],9999,2,
3042,甜甜圈,item_3042,item_desc_3042,icon5,13,2,3,0,4,"[[3031,1],[3003,3]]",0,1200,21360,446,106,334,"[30,25,35]",-1,1,0,[],9999,2,
3043,台阶,item_3043,item_desc_3043,icon5,13,2,3,0,4,"[[3006,9],[3038,2]]",0,5400,78000,1762,390,1321,"[30,25,35]",-1,1,0,[],9999,2,
3044,瓷砖,item_3044,item_desc_3044,icon5,13,2,3,0,4,"[[3008,4],[3038,1],[3005,1]]",0,3600,53160,1165,265,873,"[30,25,35]",-1,1,0,[],9999,2,
3045,椅子,item_3045,item_desc_3045,icon5,13,2,3,0,4,"[[3032,2],[3004,5],[5017,6]]",0,3600,83880,2130,419,1597,"[30,25,35]",-1,1,0,[],9999,2,
3046,桌子,item_3046,item_desc_3046,icon5,13,2,3,0,4,"[[3032,3],[3004,6],[5017,9]]",0,5400,120600,3094,603,2320,"[30,25,35]",-1,1,0,[],9999,2,
3047,床,item_3047,item_desc_3047,icon5,13,2,3,0,4,"[[3036,2],[3020,5],[3017,2]]",0,5400,93120,3150,465,2362,"[30,25,35]",-1,1,0,[],9999,2,
3048,铜制吊灯,item_3048,item_desc_3048,icon5,13,2,3,0,4,"[[3033,1],[3037,1],[5017,3]]",0,5400,88500,2089,442,1566,"[30,25,35]",-1,1,0,[],9999,2,
3049,华丽衣柜,item_3049,item_desc_3049,icon5,13,2,3,0,4,"[[3032,2],[3036,1],[3027,1]]",0,7200,120720,3315,603,2486,"[30,25,35]",-1,1,0,[],9999,2,
3050,银项链,item_3050,item_desc_3050,icon5,13,2,3,0,4,"[[3011,2],[3034,1]]",0,5400,65520,1614,327,1210,"[30,25,35]",-1,1,0,[],9999,2,
3051,金戒指,item_3051,item_desc_3051,icon5,13,2,3,0,4,"[[3012,2],[3034,1]]",0,5400,73920,1794,369,1345,"[30,25,35]",-1,1,0,[],9999,2,
3052,草莓甜甜圈,item_3052,item_desc_3052,icon5,13,2,3,0,5,"[[3024,1],[3042,1],[3002,2]]",3,3600,55200,1163,276,872,"[30,25,35]",-1,1,0,[],9999,2,
3053,蓝莓甜甜圈,item_3053,item_desc_3053,icon5,13,2,3,0,5,"[[3025,1],[3042,1],[3002,2]]",0,3600,57900,1208,289,906,"[30,25,35]",-1,1,0,[],9999,2,
3054,苹果甜甜圈,item_3054,item_desc_3054,icon5,13,2,3,0,5,"[[3026,1],[3042,1],[3002,2]]",0,3600,63300,1280,316,960,"[30,25,35]",-1,1,0,[],9999,2,
3055,宝石项链,item_3055,item_desc_3055,icon5,13,2,3,0,5,"[[3050,1],[5020,2],[5021,2]]",0,7200,83520,2008,417,1506,"[30,25,35]",-1,1,0,[],9999,2,
3056,钻石戒指,item_3056,item_desc_3056,icon5,13,2,3,0,5,"[[3051,1],[5022,1],[5019,2]]",0,7200,93720,2204,468,1653,"[30,25,35]",-1,1,0,[],9999,2,
4001,石灯,item_4001,item_desc_4001,item_story_stonelight,13,3,4,0,0,[],0,0,0,0,0,0,[],-1,1,0,[],9999,0,item_getway_4001
4002,麻绳,item_4002,item_desc_4002,item_story_hemprope,13,3,4,0,0,[],0,0,0,0,0,0,[],-1,1,0,[],9999,0,item_getway_4001
4003,能源石,item_4003,item_desc_4003,item_story_energystone,13,3,4,0,0,[],0,0,0,0,0,0,[],-1,1,0,[],9999,0,item_getway_4003
4004,黑曜石,item_4004,item_des_4004,collection1_item1,13,4,4,0,0,[],0,0,0,0,0,0,[],-1,1,0,[],9999,0,item_getway_4004
4005,孔雀石,item_4005,item_des_4005,collection1_item2,13,4,4,0,0,[],0,0,0,0,0,0,[],-1,1,0,[],9999,0,item_getway_4005
4006,月光石,item_4006,item_des_4006,collection1_item3,13,4,4,0,0,[],0,0,0,0,0,0,[],-1,1,0,[],9999,0,item_getway_4006
4007,猫眼石,item_4007,item_des_4007,collection1_item4,13,4,4,0,0,[],0,0,0,0,0,0,[],-1,1,0,[],9999,0,item_getway_4007
4008,虎睛石,item_4008,item_des_4008,collection1_item5,13,4,4,0,0,[],0,0,0,0,0,0,[],-1,1,0,[],9999,0,item_getway_4008
4009,昆虫琥珀,item_4009,item_des_4009,collection2_item1,13,4,4,0,0,[],0,0,0,0,0,0,[],-1,1,0,[],9999,0,item_getway_4009
4010,蜜蜂琥珀,item_4010,item_des_4010,collection2_item2,13,4,4,0,0,[],0,0,0,0,0,0,[],-1,1,0,[],9999,0,item_getway_4010
4011,蝴蝶琥珀,item_4011,item_des_4011,collection2_item3,13,4,4,0,0,[],0,0,0,0,0,0,[],-1,1,0,[],9999,0,item_getway_4011
4012,树叶琥珀,item_4012,item_des_4012,collection2_item4,13,4,4,0,0,[],0,0,0,0,0,0,[],-1,1,0,[],9999,0,item_getway_4012
4013,鲜花琥珀,item_4013,item_des_4013,collection2_item5,13,4,4,0,0,[],0,0,0,0,0,0,[],-1,1,0,[],9999,0,item_getway_4013
4014,帝王蝶,item_4014,item_des_4014,collection4_item1,13,4,4,0,0,[],0,0,0,0,0,0,[],-1,1,0,[],9999,0,item_getway_4014
4015,长尾凤蝶,item_4015,item_des_4015,collection4_item2,13,4,4,0,0,[],0,0,0,0,0,0,[],-1,1,0,[],9999,0,item_getway_4015
4016,光明女神蝶,item_4016,item_des_4016,collection4_item3,13,4,4,0,0,[],0,0,0,0,0,0,[],-1,1,0,[],9999,0,item_getway_4016
4017,阴阳蝶,item_4017,item_des_4017,collection4_item4,13,4,4,0,0,[],0,0,0,0,0,0,[],-1,1,0,[],9999,0,item_getway_4017
4018,玫瑰水晶眼蝶,item_4018,item_des_4018,collection4_item5,13,4,4,0,0,[],0,0,0,0,0,0,[],-1,1,0,[],9999,0,item_getway_4018
4019,祭司圣铃,item_4019,item_des_4019,collection8_item1,13,4,4,0,0,[],0,0,0,0,0,0,[],-1,1,0,[],9999,0,item_getway_4019
4020,祭司面具,item_4020,item_des_4020,collection8_item2,13,4,4,0,0,[],0,0,0,0,0,0,[],-1,1,0,[],9999,0,item_getway_4020
4021,祭司项链,item_4021,item_des_4021,collection8_item3,13,4,4,0,0,[],0,0,0,0,0,0,[],-1,1,0,[],9999,0,item_getway_4021
4022,祭司戒指,item_4022,item_des_4022,collection8_item4,13,4,4,0,0,[],0,0,0,0,0,0,[],-1,1,0,[],9999,0,item_getway_4022
4023,祭司法杖,item_4023,item_des_4023,collection8_item5,13,4,4,0,0,[],0,0,0,0,0,0,[],-1,1,0,[],9999,0,item_getway_4023
4024,彩鳞片,item_4024,item_des_4024,collection3_item1,13,4,4,0,0,[],0,0,0,0,0,0,[],-1,1,0,[],9999,0,item_getway_4024
4025,红鳞片,item_4025,item_des_4025,collection3_item2,13,4,4,0,0,[],0,0,0,0,0,0,[],-1,1,0,[],9999,0,item_getway_4025
4026,绿鳞片,item_4026,item_des_4026,collection3_item3,13,4,4,0,0,[],0,0,0,0,0,0,[],-1,1,0,[],9999,0,item_getway_4026
4027,黄鳞片,item_4027,item_des_4027,collection3_item4,13,4,4,0,0,[],0,0,0,0,0,0,[],-1,1,0,[],9999,0,item_getway_4027
4028,紫鳞片,item_4028,item_des_4028,collection3_item5,13,4,4,0,0,[],0,0,0,0,0,0,[],-1,1,0,[],9999,0,item_getway_4028
4029,燧石,item_4029,item_des_4029,collection7_item1,13,4,4,0,0,[],0,0,0,0,0,0,[],-1,1,0,[],9999,0,item_getway_4029
4030,箭羽,item_4030,item_des_4030,collection7_item2,13,4,4,0,0,[],0,0,0,0,0,0,[],-1,1,0,[],9999,0,item_getway_4030
4031,手灯,item_4031,item_des_4031,collection7_item3,13,4,4,0,0,[],0,0,0,0,0,0,[],-1,1,0,[],9999,0,item_getway_4031
4032,盾牌,item_4032,item_des_4032,collection7_item4,13,4,4,0,0,[],0,0,0,0,0,0,[],-1,1,0,[],9999,0,item_getway_4032
4033,绳索,item_4033,item_des_4033,collection7_item5,13,4,4,0,0,[],0,0,0,0,0,0,[],-1,1,0,[],9999,0,item_getway_4033
4034,水晶头骨,item_4034,item_des_4034,collection6_item1,13,4,4,0,0,[],0,0,0,0,0,0,[],-1,1,0,[],9999,0,item_getway_4034
4035,符文石碑,item_4035,item_des_4035,collection6_item2,13,4,4,0,0,[],0,0,0,0,0,0,[],-1,1,0,[],9999,0,item_getway_4035
4036,龙爪,item_4036,item_des_4036,collection6_item3,13,4,4,0,0,[],0,0,0,0,0,0,[],-1,1,0,[],9999,0,item_getway_4036
4037,灵龛,item_4037,item_des_4037,collection6_item4,13,4,4,0,0,[],0,0,0,0,0,0,[],-1,1,0,[],9999,0,item_getway_4037
4038,神秘骨角,item_4038,item_des_4038,collection6_item5,13,4,4,0,0,[],0,0,0,0,0,0,[],-1,1,0,[],9999,0,item_getway_4038
4039,珍珠,item_4039,item_des_4039,collection5_item1,13,4,4,0,0,[],0,0,0,0,0,0,[],-1,1,0,[],9999,0,item_getway_4039
4040,珊瑚,item_4040,item_des_4040,collection5_item2,13,4,4,0,0,[],0,0,0,0,0,0,[],-1,1,0,[],9999,0,item_getway_4040
4041,水母,item_4041,item_des_4041,collection5_item3,13,4,4,0,0,[],0,0,0,0,0,0,[],-1,1,0,[],9999,0,item_getway_4041
4042,海马,item_4042,item_des_4042,collection5_item4,13,4,4,0,0,[],0,0,0,0,0,0,[],-1,1,0,[],9999,0,item_getway_4042
4043,鱼,item_4043,item_des_4043,collection5_item5,13,4,4,0,0,[],0,0,0,0,0,0,[],-1,1,0,[],9999,0,item_getway_4043
4044,红色浆果,item_4044,item_des_4044,item_story_redfruit,13,4,4,0,0,[],0,0,0,0,0,0,[],-1,1,0,[],9999,0,item_getway_4044
4045,金币,item_4045,item_des_4045,icon_gold,13,3,4,0,0,[],0,0,0,0,0,0,[],-1,1,0,[],9999,0,item_getway_4045
4046,龙晶,item_4046,item_des_4046,item_story_dragonstone,13,3,3,0,0,"[[4003,3]]",0,60,0,0,0,0,[],-1,1,0,[],9999,0,item_getway_4046
4047,金色鳞片,item_4047,item_des_4047,item_story_goldscale,13,3,4,0,0,[],0,0,0,0,0,0,[],-1,1,0,[],9999,0,item_getway_4047
4048,发光燧石,item_4048,item_des_4048,item_story_shiningflint,13,3,4,0,0,[],0,0,0,0,0,0,[],-1,1,0,[],9999,0,item_getway_4048
4049,黑色鳞片,item_4049,item_des_4049,item_story_blackscale,13,3,4,0,0,[],0,0,0,0,0,0,[],-1,1,0,[],9999,0,item_getway_4049
4050,龙牙草,item_4050,item_des_4050,item_story_dragongrass,13,3,4,0,0,[],0,0,0,0,0,0,[],-1,1,0,[],9999,0,item_getway_4050
4051,天然冰晶,item_4051,item_des_4051,item_story_naturalice,13,3,4,0,0,[],0,0,0,0,0,0,[],-1,1,0,[],9999,0,item_getway_4051
4052,火焰,item_4052,item_des_4052,item_huomiao,13,3,3,0,0,"[[4048,3]]",0,60,0,0,0,0,[],-1,1,0,[],9999,0,item_getway_4052
4053,海蓝珠,item_4053,item_des_4053,item_story_oceanblueball,13,3,3,0,0,"[[4051,3]]",0,60,0,0,0,0,[],-1,1,0,[],9999,0,item_getway_4053
4054,蓝色花瓣,item_4054,item_des_4054,item_story_bluepetal,13,3,4,0,0,[],0,0,0,0,0,0,[],-1,1,0,[],9999,0,item_getway_4054
4055,粉色花瓣,item_4055,item_des_4055,item_story_pinkpetal,13,3,4,0,0,[],0,0,0,0,0,0,[],-1,1,0,[],9999,0,item_getway_4055
4056,红色花瓣,item_4056,item_des_4056,item_story_redpetal,13,3,4,0,0,[],0,0,0,0,0,0,[],-1,1,0,[],9999,0,item_getway_4056
4057,黄色花瓣,item_4057,item_des_4057,item_story_yellowpetal,13,3,4,0,0,[],0,0,0,0,0,0,[],-1,1,0,[],9999,0,item_getway_4057
4058,绣球花,item_4058,item_des_4058,item_story_ballflower,13,3,4,0,0,[],0,0,0,0,0,0,[],-1,1,0,[],9999,0,item_getway_4058
4059,太阳花,item_4059,item_des_4059,item_story_sunflower,13,3,4,0,0,[],0,0,0,0,0,0,[],-1,1,0,[],9999,0,item_getway_4059
4060,星辰花,item_4060,item_des_4060,item_story_starflower,13,3,4,0,0,[],0,0,0,0,0,0,[],-1,1,0,[],9999,0,item_getway_4060
4061,绣球花束,item_4061,item_des_4061,item_story_ballflowerbouquet,13,3,3,0,0,"[[4058,6]]",0,60,0,0,0,0,[],-1,1,0,[],9999,0,item_getway_4061
4062,太阳花束,item_4062,item_des_4062,item_story_sunflowerbouquet,13,3,3,0,0,"[[4059,6]]",0,60,0,0,0,0,[],-1,1,0,[],9999,0,item_getway_4062
4063,星辰花束,item_4063,item_des_4063,item_story_starflowerbouquet,13,3,3,0,0,"[[4060,6]]",0,60,0,0,0,0,[],-1,1,0,[],9999,0,item_getway_4063
4064,发光花瓣,item_4064,item_des_4064,item_story_shiningpetal,13,3,4,0,0,[],0,0,0,0,0,0,[],-1,1,0,[],9999,0,item_getway_4064
4065,树灵之泪,item_4065,item_des_4065,item_story_treespirit,13,3,4,0,0,[],0,0,0,0,0,0,[],-1,1,0,[],9999,0,item_getway_4065
4066,草溟晶,item_4066,item_des_4066,item_story_grasscrystle,13,3,4,0,0,[],0,0,0,0,0,0,[],-1,1,0,[],9999,0,item_getway_4066
4067,双生果,item_4067,item_des_4067,item_story_twinfruit,13,3,3,0,0,"[[4066,2]]",0,90,0,0,0,0,[],-1,1,0,[],9999,0,item_getway_4067
4068,五彩宝石,item_4068,item_des_4068,item_story_colorfulgem,13,3,4,0,0,[],0,0,0,0,0,0,[],-1,1,0,[],9999,0,item_getway_4068
4069,新鲜牛奶,item_4069,item_des_4069,item_story_freshmilk,13,3,4,0,0,[],0,0,0,0,0,0,[],-1,1,0,[],9999,0,item_getway_4069
4070,新鲜牛奶,item_4069,item_des_4069,item_story_freshmilk,13,3,4,0,0,[],0,0,0,0,0,0,[],-1,1,0,[],9999,0,item_getway_4069
4071,金银花,item_4071,item_des_4071,collection5_item2,13,3,4,0,0,[],0,0,0,0,0,0,[],-1,1,0,[],9999,0,item_getway_4071
4072,热茶,item_4072,item_des_4072,item_milk,13,3,3,0,0,"[[4071,3]]",0,90,0,0,0,0,[],-1,1,0,[],9999,0,item_getway_4072
4073,雪绒花,item_4073,item_des_4073,item_story_sunflower,13,4,4,0,0,[],0,0,0,1,1,0,[],-1,0,0,[],9999,0,item_getway_4073
4074,科研仪器零件,item_4074,item_des_4074,item_gear,13,3,4,0,0,[],0,0,0,0,0,0,[],-1,1,0,[],9999,0,item_getway_4074
4075,生物标本,item_4075,item_des_4075,collection2_item3,13,3,4,0,0,[],0,0,0,0,0,0,[],-1,1,0,[],9999,0,item_getway_4075
4076,冷冻装置碎片,item_4076,item_des_4076,collection6_item2,13,3,4,0,0,[],0,0,0,0,0,0,[],-1,1,0,[],9999,0,item_getway_4076
4077,科研手册,item_4077,item_des_4077,collection8_item2,13,3,4,0,0,[],0,0,0,0,0,0,[],-1,1,0,[],9999,0,item_getway_4077
6001,花朵龙1级,dragon_name_10001,dragon_name_des_101,dragon_egg1,,-1,6,0,0,[],0,0,0,0,0,0,[],-1,1,2,[6001],9999,-1,
6002,金花朵龙1级,dragon_name_10011,dragon_name_des_102,dragon_egg2,,-1,6,0,0,[],0,0,0,0,0,0,[],-1,1,2,[6002],9999,-1,
6003,紫翼龙1级,dragon_name_10021,dragon_name_des_103,dragon_egg3,,-1,6,0,0,[],0,0,0,0,0,0,[],-1,1,2,[6003],9999,-1,
6004,黑翼龙1级,dragon_name_10031,dragon_name_des_104,dragon_egg4,,-1,6,0,0,[],0,0,0,0,0,0,[],-1,1,2,[6004],9999,-1,
6005,木叶龙1级,dragon_name_10041,dragon_name_des_105,dragon_egg1,,-1,6,0,0,[],0,0,0,0,0,0,[],-1,1,2,[6005],9999,-1,
6006,土球龙1级,dragon_name_10051,dragon_name_des_106,dragon_egg2,,-1,6,0,0,[],0,0,0,0,0,0,[],-1,1,2,[6006],9999,-1,
6007,火龙1级,dragon_name_10061,dragon_name_des_107,dragon_egg3,,-1,6,0,0,[],0,0,0,0,0,0,[],-1,1,2,[6007],9999,-1,
6008,冰龙1级,dragon_name_10071,dragon_name_des_108,dragon_egg4,,-1,6,0,0,[],0,0,0,0,0,0,[],-1,1,2,[6008],9999,-1,
6009,岩浆龙1级,dragon_name_10081,dragon_name_des_109,dragon_egg1,,-1,6,0,0,[],0,0,0,0,0,0,[],-1,1,2,[6009],9999,-1,
6010,蝶花龙1级,dragon_name_10091,dragon_name_des_110,dragon_egg2,,-1,6,0,0,[],0,0,0,0,0,0,[],-1,1,2,[6010],9999,-1,
6011,暗夜龙1级,dragon_name_10101,dragon_name_des_111,dragon_egg3,,-1,6,0,0,[],0,0,0,0,0,0,[],-1,1,2,[6011],9999,-1,
6012,奶花龙1级（临时替代模型）,dragon_name_10111,dragon_name_des_112,dragon_egg4,,-1,6,0,0,[],0,0,0,0,0,0,[],-1,1,2,[6012],9999,-1,
6013,玉米龙1级（临时替代模型）,dragon_name_10121,dragon_name_des_113,dragon_egg3,,-1,6,0,0,[],0,0,0,0,0,0,[],-1,1,2,[6013],9999,-1,
6014,麦龙1级（临时替代模型）,dragon_name_10131,dragon_name_des_114,dragon_egg4,,-1,6,0,0,[],0,0,0,0,0,0,[],-1,1,2,[6014],9999,-1,
7001,能量石碎片（小）,item_convertFactory_1_1,item_convertFactory_desc_1_1,item_convertFactory_1_1,13,4,7,0,0,[],0,0,0,0,0,0,[],-1,1,4,[1],9999,0,item_get_way_Obstacle
7002,能量石碎片（中）,item_convertFactory_1_2,item_convertFactory_desc_1_2,item_convertFactory_1_2,13,4,7,0,0,[],0,0,0,0,0,0,[],-1,1,4,[2],9999,0,item_get_way_Obstacle
7003,能量石碎片（大）,item_convertFactory_1_3,item_convertFactory_desc_1_3,item_convertFactory_1_3,13,4,7,0,0,[],0,0,0,0,0,0,[],-1,1,4,[3],9999,0,item_get_way_Obstacle
7004,能量晶石,item_convertFactory_1_4,item_convertFactory_desc_1_4,item_convertFactory_1_4,13,4,7,0,0,[],0,0,0,0,0,0,[],-1,1,4,[5],9999,0,item_get_way_Obstacle
7005,能量源石,item_convertFactory_1_5,item_convertFactory_desc_1_5,item_convertFactory_1_5,13,4,7,0,0,[],0,0,0,0,0,0,[],-1,1,4,[10],9999,0,item_get_way_Obstacle
8001,商人兑换道具-1,item_exchange_1,item_exchange_desc_1,item_exchange_1,13,4,4,0,0,[],0,0,0,0,0,0,[],-1,1,0,[],9999,0,item_get_way_box
8002,商人兑换道具-2,item_exchange_2,item_exchange_desc_2,item_exchange_2,13,4,4,0,0,[],0,0,0,0,0,0,[],-1,1,0,[],9999,0,item_get_way_box
8003,商人兑换道具-3,item_exchange_3,item_exchange_desc_3,item_exchange_3,13,4,4,0,0,[],0,0,0,0,0,0,[],-1,1,0,[],9999,0,item_get_way_box
8004,商人兑换道具-4,item_exchange_4,item_exchange_desc_4,item_exchange_4,13,4,4,0,0,[],0,0,0,0,0,0,[],-1,1,0,[],9999,0,item_get_way_box
8005,商人兑换道具-5,item_exchange_5,item_exchange_desc_5,item_exchange_5,13,4,4,0,0,[],0,0,0,0,0,0,[],-1,1,0,[],9999,0,item_get_way_box
8006,商人兑换道具-6,item_exchange_6,item_exchange_desc_6,item_exchange_6,13,4,4,0,0,[],0,0,0,0,0,0,[],-1,1,0,[],9999,0,item_get_way_box
8007,商人兑换道具-7,item_exchange_7,item_exchange_desc_7,item_exchange_7,13,4,4,0,0,[],0,0,0,0,0,0,[],-1,1,0,[],9999,0,item_get_way_box
8008,商人兑换道具-8,item_exchange_8,item_exchange_desc_8,item_exchange_8,13,4,4,0,0,[],0,0,0,0,0,0,[],-1,1,0,[],9999,0,item_get_way_box
9001,探索场景体力材料-1,item_mapEnergy_material_1,item_mapEnergy_material_desc_1,item_outFactory_material_1,13,4,2,0,0,[],0,0,0,0,0,0,[],-1,1,0,[],9999,0,item_get_way_box
9002,探索场景体力材料-2,item_mapEnergy_material_2,item_mapEnergy_material_desc_2,item_outFactory_material_2,13,4,2,0,0,[],0,0,0,0,0,0,[],-1,1,0,[],9999,0,item_get_way_box
9003,探索场景体力材料-3,item_mapEnergy_material_3,item_mapEnergy_material_desc_3,item_outFactory_material_3,13,4,2,0,0,[],0,0,0,0,0,0,[],-1,1,0,[],9999,0,item_get_way_box
10001,探索场景体力产物-1,item_mapEnergy_product_1,item_mapEnergy_product_desc_1,item_outFactory_product_1,1,-1,10,0,0,"[[9001,3]]",0,60,0,0,0,0,[],-1,1,1,[25],-1,0,
10002,探索场景体力产物-2,item_mapEnergy_product_2,item_mapEnergy_product_desc_2,item_outFactory_product_2,1,-1,10,0,0,"[[9002,3]]",0,60,0,0,0,0,[],-1,1,1,[25],-1,0,
10003,探索场景体力产物-3,item_mapEnergy_product_3,item_mapEnergy_product_desc_3,item_outFactory_product_3,1,-1,10,0,0,"[[9003,3]]",0,60,0,0,0,0,[],-1,1,1,[25],-1,0,
10004,香肠,sausage,sausage,icon_sausage,1,-1,10,0,0,[],0,0,0,0,0,0,[],-1,0,1,[5],-1,0,item_get_way_box
10005,肉罐头,canned,canned,icon_canned,1,-1,10,0,0,[],0,0,0,0,0,0,[],-1,0,1,[8],-1,0,item_get_way_box
11001,炸弹,bomb,bomb,bomb_1,19,-1,11,0,0,[],0,0,0,0,0,0,[],-1,1,6,[2],-1,-1,
13001,家园体力装置冷却道具-1,item_gear,item_gear_desc,item_gear,13,4,13,0,0,[],0,0,0,0,0,0,[],-1,1,5,[0],9999,5,
14001,小麦龙1级,dragon_name_14001,dragon_desc_14001,dragon_wheat_lv1,,-1,14,0,0,[],0,0,0,0,0,0,[],-1,0,7,[],-1,-1,
14002,小麦龙2级,dragon_name_14002,dragon_desc_14002,dragon_wheat_lv2,,-1,14,0,0,[],0,0,0,0,0,0,[],-1,0,7,[],-1,-1,
14003,小麦龙3级,dragon_name_14003,dragon_desc_14003,dragon_wheat_lv3,,-1,14,0,0,[],0,0,0,0,0,0,[],-1,0,7,[],-1,-1,
14004,小麦龙4级,dragon_name_14004,dragon_desc_14004,dragon_wheat_lv4,,-1,14,0,0,[],0,0,0,0,0,0,[],-1,0,7,[],-1,-1,
14011,铜龙1级,dragon_name_14011,dragon_desc_14011,dragon_copper_lv1,,-1,14,0,0,[],0,0,0,0,0,0,[],-1,0,7,[],-1,-1,
14012,铜龙2级,dragon_name_14012,dragon_desc_14012,dragon_copper_lv2,,-1,14,0,0,[],0,0,0,0,0,0,[],-1,0,7,[],-1,-1,
14013,铜龙3级,dragon_name_14013,dragon_desc_14013,dragon_copper_lv3,,-1,14,0,0,[],0,0,0,0,0,0,[],-1,0,7,[],-1,-1,
14014,铜龙4级,dragon_name_14014,dragon_desc_14014,dragon_copper_lv4,,-1,14,0,0,[],0,0,0,0,0,0,[],-1,0,7,[],-1,-1,
14021,紫薯龙1级,dragon_name_14021,dragon_desc_14021,dragon_purple_lv1,,-1,14,0,0,[],0,0,0,0,0,0,[],-1,0,7,[],-1,-1,
14022,紫薯龙2级,dragon_name_14022,dragon_desc_14022,dragon_purple_lv2,,-1,14,0,0,[],0,0,0,0,0,0,[],-1,0,7,[],-1,-1,
14023,紫薯龙3级,dragon_name_14023,dragon_desc_14023,dragon_purple_lv3,,-1,14,0,0,[],0,0,0,0,0,0,[],-1,0,7,[],-1,-1,
14024,紫薯龙4级,dragon_name_14024,dragon_desc_14024,dragon_purple_lv4,,-1,14,0,0,[],0,0,0,0,0,0,[],-1,0,7,[],-1,-1,
14031,火龙1级,dragon_name_14031,dragon_desc_14031,dragon_fire_lv1,,-1,14,0,0,[],0,0,0,0,0,0,[],-1,0,7,[],-1,-1,
14032,火龙2级,dragon_name_14032,dragon_desc_14032,dragon_fire_lv2,,-1,14,0,0,[],0,0,0,0,0,0,[],-1,0,7,[],-1,-1,
14033,火龙3级,dragon_name_14033,dragon_desc_14033,dragon_fire_lv3,,-1,14,0,0,[],0,0,0,0,0,0,[],-1,0,7,[],-1,-1,
14034,火龙4级,dragon_name_14034,dragon_desc_14034,dragon_fire_lv4,,-1,14,0,0,[],0,0,0,0,0,0,[],-1,0,7,[],-1,-1,
14041,木叶龙1级,dragon_name_14041,dragon_desc_14041,dragon_woodLeaf_lv1,,-1,14,0,0,[],0,0,0,0,0,0,[],-1,0,7,[],-1,-1,
14042,木叶龙2级,dragon_name_14042,dragon_desc_14042,dragon_woodLeaf_lv2,,-1,14,0,0,[],0,0,0,0,0,0,[],-1,0,7,[],-1,-1,
14043,木叶龙3级,dragon_name_14043,dragon_desc_14043,dragon_woodLeaf_lv3,,-1,14,0,0,[],0,0,0,0,0,0,[],-1,0,7,[],-1,-1,
14044,木叶龙4级,dragon_name_14044,dragon_desc_14044,dragon_woodLeaf_lv4,,-1,14,0,0,[],0,0,0,0,0,0,[],-1,0,7,[],-1,-1,
14051,沙石龙1级,dragon_name_14051,dragon_desc_14051,dragon_argil_lv1,,-1,14,0,0,[],0,0,0,0,0,0,[],-1,0,7,[],-1,-1,
14052,沙石龙2级,dragon_name_14052,dragon_desc_14052,dragon_argil_lv2,,-1,14,0,0,[],0,0,0,0,0,0,[],-1,0,7,[],-1,-1,
14053,沙石龙3级,dragon_name_14053,dragon_desc_14053,dragon_argil_lv3,,-1,14,0,0,[],0,0,0,0,0,0,[],-1,0,7,[],-1,-1,
14054,沙石龙4级,dragon_name_14054,dragon_desc_14054,dragon_argil_lv4,,-1,14,0,0,[],0,0,0,0,0,0,[],-1,0,7,[],-1,-1,
14061,草莓龙1级,dragon_name_14061,dragon_desc_14061,dragon_strawberry_lv1,,-1,14,0,0,[],0,0,0,0,0,0,[],-1,0,7,[],-1,-1,
14062,草莓龙2级,dragon_name_14062,dragon_desc_14062,dragon_strawberry_lv2,,-1,14,0,0,[],0,0,0,0,0,0,[],-1,0,7,[],-1,-1,
14063,草莓龙3级,dragon_name_14063,dragon_desc_14063,dragon_strawberry_lv3,,-1,14,0,0,[],0,0,0,0,0,0,[],-1,0,7,[],-1,-1,
14064,草莓龙4级,dragon_name_14064,dragon_desc_14064,dragon_strawberry_lv4,,-1,14,0,0,[],0,0,0,0,0,0,[],-1,0,7,[],-1,-1,
14071,奶牛龙1级,dragon_name_14071,dragon_desc_14071,dragon_milk_lv1,,-1,14,0,0,[],0,0,0,0,0,0,[],-1,0,7,[],-1,-1,
14072,奶牛龙2级,dragon_name_14072,dragon_desc_14072,dragon_milk_lv2,,-1,14,0,0,[],0,0,0,0,0,0,[],-1,0,7,[],-1,-1,
14073,奶牛龙3级,dragon_name_14073,dragon_desc_14073,dragon_milk_lv3,,-1,14,0,0,[],0,0,0,0,0,0,[],-1,0,7,[],-1,-1,
14074,奶牛龙4级,dragon_name_14074,dragon_desc_14074,dragon_milk_lv4,,-1,14,0,0,[],0,0,0,0,0,0,[],-1,0,7,[],-1,-1,
14081,岩浆龙1级,dragon_name_14081,dragon_desc_14081,dragon_magma_lv1,,-1,14,0,0,[],0,0,0,0,0,0,[],-1,0,7,[],-1,-1,
14082,岩浆龙2级,dragon_name_14082,dragon_desc_14082,dragon_magma_lv2,,-1,14,0,0,[],0,0,0,0,0,0,[],-1,0,7,[],-1,-1,
14083,岩浆龙3级,dragon_name_14083,dragon_desc_14083,dragon_magma_lv3,,-1,14,0,0,[],0,0,0,0,0,0,[],-1,0,7,[],-1,-1,
14084,岩浆龙4级,dragon_name_14084,dragon_desc_14084,dragon_magma_lv4,,-1,14,0,0,[],0,0,0,0,0,0,[],-1,0,7,[],-1,-1,
14091,蜜蜂龙1级,dragon_name_14091,dragon_desc_14091,dragon_honey_lv1,,-1,14,0,0,[],0,0,0,0,0,0,[],-1,0,7,[],-1,-1,
14092,蜜蜂龙2级,dragon_name_14092,dragon_desc_14092,dragon_honey_lv2,,-1,14,0,0,[],0,0,0,0,0,0,[],-1,0,7,[],-1,-1,
14093,蜜蜂龙3级,dragon_name_14093,dragon_desc_14093,dragon_honey_lv3,,-1,14,0,0,[],0,0,0,0,0,0,[],-1,0,7,[],-1,-1,
14094,蜜蜂龙4级,dragon_name_14094,dragon_desc_14094,dragon_honey_lv4,,-1,14,0,0,[],0,0,0,0,0,0,[],-1,0,7,[],-1,-1,
14101,暗夜龙1级,dragon_name_14101,dragon_desc_14101,dragon_black_lv1,,-1,14,0,0,[],0,0,0,0,0,0,[],-1,0,7,[],-1,-1,
14102,暗夜龙2级,dragon_name_14102,dragon_desc_14102,dragon_black_lv2,,-1,14,0,0,[],0,0,0,0,0,0,[],-1,0,7,[],-1,-1,
14103,暗夜龙3级,dragon_name_14103,dragon_desc_14103,dragon_black_lv3,,-1,14,0,0,[],0,0,0,0,0,0,[],-1,0,7,[],-1,-1,
14104,暗夜龙4级,dragon_name_14104,dragon_desc_14104,dragon_black_lv4,,-1,14,0,0,[],0,0,0,0,0,0,[],-1,0,7,[],-1,-1,
14111,奶花龙1级（临时替代模型）,dragon_name_14111,dragon_desc_14111,dragon_flower_lv1,,-1,14,0,0,[],0,0,0,0,0,0,[],-1,0,7,[],-1,-1,
14112,奶花龙2级（临时替代模型）,dragon_name_14112,dragon_desc_14112,dragon_flower_lv2,,-1,14,0,0,[],0,0,0,0,0,0,[],-1,0,7,[],-1,-1,
14113,奶花龙3级（临时替代模型）,dragon_name_14113,dragon_desc_14113,dragon_flower_lv3,,-1,14,0,0,[],0,0,0,0,0,0,[],-1,0,7,[],-1,-1,
14114,奶花龙4级（临时替代模型）,dragon_name_14114,dragon_desc_14114,dragon_flower_lv4,,-1,14,0,0,[],0,0,0,0,0,0,[],-1,0,7,[],-1,-1,
14121,玉米龙1级（临时替代模型）,dragon_name_14121,dragon_desc_14121,dragon_goldenflower_lv1,,-1,14,0,0,[],0,0,0,0,0,0,[],-1,0,7,[],-1,-1,
14122,玉米龙2级（临时替代模型）,dragon_name_14122,dragon_desc_14122,dragon_goldenflower_lv2,,-1,14,0,0,[],0,0,0,0,0,0,[],-1,0,7,[],-1,-1,
14123,玉米龙3级（临时替代模型）,dragon_name_14123,dragon_desc_14123,dragon_goldenflower_lv3,,-1,14,0,0,[],0,0,0,0,0,0,[],-1,0,7,[],-1,-1,
14124,玉米龙4级（临时替代模型）,dragon_name_14124,dragon_desc_14124,dragon_goldenflower_lv4,,-1,14,0,0,[],0,0,0,0,0,0,[],-1,0,7,[],-1,-1,
14131,麦龙1级（临时替代模型）,dragon_name_14131,dragon_desc_14131,dragon_black_lv1,,-1,14,0,0,[],0,0,0,0,0,0,[],-1,0,7,[],-1,-1,
14132,麦龙2级（临时替代模型）,dragon_name_14132,dragon_desc_14132,dragon_black_lv2,,-1,14,0,0,[],0,0,0,0,0,0,[],-1,0,7,[],-1,-1,
14133,麦龙3级（临时替代模型）,dragon_name_14133,dragon_desc_14133,dragon_black_lv3,,-1,14,0,0,[],0,0,0,0,0,0,[],-1,0,7,[],-1,-1,
14134,麦龙4级（临时替代模型）,dragon_name_14134,dragon_desc_14134,dragon_black_lv4,,-1,14,0,0,[],0,0,0,0,0,0,[],-1,0,7,[],-1,-1,
14141,麦龙1级（临时替代模型）,dragon_name_14141,dragon_desc_14141,dragon_flower_lv1,,-1,14,0,0,[],0,0,0,0,0,0,[],-1,0,7,[],-1,-1,
14142,麦龙2级（临时替代模型）,dragon_name_14142,dragon_desc_14142,dragon_flower_lv2,,-1,14,0,0,[],0,0,0,0,0,0,[],-1,0,7,[],-1,-1,
14143,麦龙3级（临时替代模型）,dragon_name_14143,dragon_desc_14143,dragon_flower_lv3,,-1,14,0,0,[],0,0,0,0,0,0,[],-1,0,7,[],-1,-1,
14144,麦龙4级（临时替代模型）,dragon_name_14144,dragon_desc_14144,dragon_flower_lv4,,-1,14,0,0,[],0,0,0,0,0,0,[],-1,0,7,[],-1,-1,
14151,麦龙1级（临时替代模型）,dragon_name_14151,dragon_desc_14151,dragon_goldenflower_lv1,,-1,14,0,0,[],0,0,0,0,0,0,[],-1,0,7,[],-1,-1,
14152,麦龙2级（临时替代模型）,dragon_name_14152,dragon_desc_14152,dragon_goldenflower_lv2,,-1,14,0,0,[],0,0,0,0,0,0,[],-1,0,7,[],-1,-1,
14153,麦龙3级（临时替代模型）,dragon_name_14153,dragon_desc_14153,dragon_goldenflower_lv3,,-1,14,0,0,[],0,0,0,0,0,0,[],-1,0,7,[],-1,-1,
14154,麦龙4级（临时替代模型）,dragon_name_14154,dragon_desc_14154,dragon_goldenflower_lv4,,-1,14,0,0,[],0,0,0,0,0,0,[],-1,0,7,[],-1,-1,
14161,麦龙1级（临时替代模型）,dragon_name_14161,dragon_desc_14161,dragon_black_lv1,,-1,14,0,0,[],0,0,0,0,0,0,[],-1,0,7,[],-1,-1,
14162,麦龙2级（临时替代模型）,dragon_name_14162,dragon_desc_14162,dragon_black_lv2,,-1,14,0,0,[],0,0,0,0,0,0,[],-1,0,7,[],-1,-1,
14163,麦龙3级（临时替代模型）,dragon_name_14163,dragon_desc_14163,dragon_black_lv3,,-1,14,0,0,[],0,0,0,0,0,0,[],-1,0,7,[],-1,-1,
14164,麦龙4级（临时替代模型）,dragon_name_14164,dragon_desc_14164,dragon_black_lv4,,-1,14,0,0,[],0,0,0,0,0,0,[],-1,0,7,[],-1,-1,
14171,麦龙1级（临时替代模型）,dragon_name_14171,dragon_desc_14171,dragon_flower_lv1,,-1,14,0,0,[],0,0,0,0,0,0,[],-1,0,7,[],-1,-1,
14172,麦龙2级（临时替代模型）,dragon_name_14172,dragon_desc_14172,dragon_flower_lv2,,-1,14,0,0,[],0,0,0,0,0,0,[],-1,0,7,[],-1,-1,
14173,麦龙3级（临时替代模型）,dragon_name_14173,dragon_desc_14173,dragon_flower_lv3,,-1,14,0,0,[],0,0,0,0,0,0,[],-1,0,7,[],-1,-1,
14174,麦龙4级（临时替代模型）,dragon_name_14174,dragon_desc_14174,dragon_flower_lv4,,-1,14,0,0,[],0,0,0,0,0,0,[],-1,0,7,[],-1,-1,
14181,麦龙1级（临时替代模型）,dragon_name_14181,dragon_desc_14181,dragon_goldenflower_lv1,,-1,14,0,0,[],0,0,0,0,0,0,[],-1,0,7,[],-1,-1,
14182,麦龙2级（临时替代模型）,dragon_name_14182,dragon_desc_14182,dragon_goldenflower_lv2,,-1,14,0,0,[],0,0,0,0,0,0,[],-1,0,7,[],-1,-1,
14183,麦龙3级（临时替代模型）,dragon_name_14183,dragon_desc_14183,dragon_goldenflower_lv3,,-1,14,0,0,[],0,0,0,0,0,0,[],-1,0,7,[],-1,-1,
14184,麦龙4级（临时替代模型）,dragon_name_14184,dragon_desc_14184,dragon_goldenflower_lv4,,-1,14,0,0,[],0,0,0,0,0,0,[],-1,0,7,[],-1,-1,
14191,麦龙1级（临时替代模型）,dragon_name_14191,dragon_desc_14191,dragon_black_lv1,,-1,14,0,0,[],0,0,0,0,0,0,[],-1,0,7,[],-1,-1,
14192,麦龙2级（临时替代模型）,dragon_name_14192,dragon_desc_14192,dragon_black_lv2,,-1,14,0,0,[],0,0,0,0,0,0,[],-1,0,7,[],-1,-1,
14193,麦龙3级（临时替代模型）,dragon_name_14193,dragon_desc_14193,dragon_black_lv3,,-1,14,0,0,[],0,0,0,0,0,0,[],-1,0,7,[],-1,-1,
14194,麦龙4级（临时替代模型）,dragon_name_14194,dragon_desc_14194,dragon_black_lv4,,-1,14,0,0,[],0,0,0,0,0,0,[],-1,0,7,[],-1,-1,
14201,麦龙1级（临时替代模型）,dragon_name_14201,dragon_desc_14201,dragon_flower_lv1,,-1,14,0,0,[],0,0,0,0,0,0,[],-1,0,7,[],-1,-1,
14202,麦龙2级（临时替代模型）,dragon_name_14202,dragon_desc_14202,dragon_flower_lv2,,-1,14,0,0,[],0,0,0,0,0,0,[],-1,0,7,[],-1,-1,
14203,麦龙3级（临时替代模型）,dragon_name_14203,dragon_desc_14203,dragon_flower_lv3,,-1,14,0,0,[],0,0,0,0,0,0,[],-1,0,7,[],-1,-1,
14204,麦龙4级（临时替代模型）,dragon_name_14204,dragon_desc_14204,dragon_flower_lv4,,-1,14,0,0,[],0,0,0,0,0,0,[],-1,0,7,[],-1,-1,
14211,麦龙1级（临时替代模型）,dragon_name_14211,dragon_desc_14211,dragon_goldenflower_lv1,,-1,14,0,0,[],0,0,0,0,0,0,[],-1,0,7,[],-1,-1,
14212,麦龙2级（临时替代模型）,dragon_name_14212,dragon_desc_14212,dragon_goldenflower_lv2,,-1,14,0,0,[],0,0,0,0,0,0,[],-1,0,7,[],-1,-1,
14213,麦龙3级（临时替代模型）,dragon_name_14213,dragon_desc_14213,dragon_goldenflower_lv3,,-1,14,0,0,[],0,0,0,0,0,0,[],-1,0,7,[],-1,-1,
14214,麦龙4级（临时替代模型）,dragon_name_14214,dragon_desc_14214,dragon_goldenflower_lv4,,-1,14,0,0,[],0,0,0,0,0,0,[],-1,0,7,[],-1,-1,
15000,肥料,item_fertilizer,item_desc_fertilizer,item_fertilizer,13,4,15,0,0,[],0,0,0,0,0,0,[],-1,1,0,[],-1,5,
16000,龙挂机加速道具,item_dragon_speedup,item_desc_dragon_speedup,item_dragon_speedupproduct,13,4,16,0,0,[],0,0,0,0,0,0,[],-1,1,8,[7200],-1,5,
17001,龙探索获得的钥匙,dragon_key_1,dragon_key_1_desc,dragon_key_1,13,4,17,0,0,[],0,0,0,0,0,0,[],-1,1,0,[],-1,-1,
,,,,,,,,,,,,,,,,,,,,,,,,
,,,,,,,,,,,,,,,,,,,,,,,,
,,,,,,,,,,,,,,,,,,,,,,,,
,,,,,,,,,,,,,,,,,,,,,,,,
,,,,,,,,,,,,,,,,,,,,,,,,
,,,,,,,,,,,,,,,,,,,,,,,,
,,,,,,,,,,,,,,,,,,,,,,,,
,,,,,,,,,,,,,,,,,,,,,,,,
,,,,,,,,,,,,,,,,,,,,,,,,
,,,,,,,,,,,,,,,,,,,,,,,,
,,,,,,,,,,,,,,,,,,,,,,,,
,,,,,,,,,,,,,,,,,,,,,,,,
,,,,,,,,,,,,,,,,,,,,,,,,
,,,,,,,,,,,,,,,,,,,,,,,,
,,,,,,,,,,,,,,,,,,,,,,,,
,,,,,,,,,,,,,,,,,,,,,,,,
,,,,,,,,,,,,,,,,,,,,,,,,
,,,,,,,,,,,,,,,,,,,,,,,,
,,,,,,,,,,,,,,,,,,,,,,,,
,,,,,,,,,,,,,,,,,,,,,,,,
,,,,,,,,,,,,,,,,,,,,,,,,
,,,,,,,,,,,,,,,,,,,,,,,,
,,,,,,,,,,,,,,,,,,,,,,,,
,,,,,,,,,,,,,,,,,,,,,,,,
,,,,,,,,,,,,,,,,,,,,,,,,
,,,,,,,,,,,,,,,,,,,,,,,,
,,,,,,,,,,,,,,,,,,,,,,,,
,,,,,,,,,,,,,,,,,,,,,,,,
,,,,,,,,,,,,,,,,,,,,,,,,
,,,,,,,,,,,,,,,,,,,,,,,,
,,,,,,,,,,,,,,,,,,,,,,,,
,,,,,,,,,,,,,,,,,,,,,,,,
,,,,,,,,,,,,,,,,,,,,,,,,
,,,,,,,,,,,,,,,,,,,,,,,,
,,,,,,,,,,,,,,,,,,,,,,,,
,,,,,,,,,,,,,,,,,,,,,,,,
,,,,,,,,,,,,,,,,,,,,,,,,
,,,,,,,,,,,,,,,,,,,,,,,,
,,,,,,,,,,,,,,,,,,,,,,,,
,,,,,,,,,,,,,,,,,,,,,,,,
,,,,,,,,,,,,,,,,,,,,,,,,
,,,,,,,,,,,,,,,,,,,,,,,,
,,,,,,,,,,,,,,,,,,,,,,,,
,,,,,,,,,,,,,,,,,,,,,,,,
,,,,,,,,,,,,,,,,,,,,,,,,
,,,,,,,,,,,,,,,,,,,,,,,,
,,,,,,,,,,,,,,,,,,,,,,,,
,,,,,,,,,,,,,,,,,,,,,,,,
,,,,,,,,,,,,,,,,,,,,,,,,
,,,,,,,,,,,,,,,,,,,,,,,,
,,,,,,,,,,,,,,,,,,,,,,,,
,,,,,,,,,,,,,,,,,,,,,,,,
,,,,,,,,,,,,,,,,,,,,,,,,
,,,,,,,,,,,,,,,,,,,,,,,,
,,,,,,,,,,,,,,,,,,,,,,,,
,,,,,,,,,,,,,,,,,,,,,,,,
,,,,,,,,,,,,,,,,,,,,,,,,
,,,,,,,,,,,,,,,,,,,,,,,,
,,,,,,,,,,,,,,,,,,,,,,,,
,,,,,,,,,,,,,,,,,,,,,,,,
,,,,,,,,,,,,,,,,,,,,,,,,
,,,,,,,,,,,,,,,,,,,,,,,,
,,,,,,,,,,,,,,,,,,,,,,,,
,,,,,,,,,,,,,,,,,,,,,,,,
,,,,,,,,,,,,,,,,,,,,,,,,
,,,,,,,,,,,,,,,,,,,,,,,,
,,,,,,,,,,,,,,,,,,,,,,,,
,,,,,,,,,,,,,,,,,,,,,,,,
,,,,,,,,,,,,,,,,,,,,,,,,
,,,,,,,,,,,,,,,,,,,,,,,,
,,,,,,,,,,,,,,,,,,,,,,,,
,,,,,,,,,,,,,,,,,,,,,,,,
,,,,,,,,,,,,,,,,,,,,,,,,
,,,,,,,,,,,,,,,,,,,,,,,,
,,,,,,,,,,,,,,,,,,,,,,,,
,,,,,,,,,,,,,,,,,,,,,,,,
,,,,,,,,,,,,,,,,,,,,,,,,
,,,,,,,,,,,,,,,,,,,,,,,,
,,,,,,,,,,,,,,,,,,,,,,,,
,,,,,,,,,,,,,,,,,,,,,,,,
,,,,,,,,,,,,,,,,,,,,,,,,
,,,,,,,,,,,,,,,,,,,,,,,,
,,,,,,,,,,,,,,,,,,,,,,,,
,,,,,,,,,,,,,,,,,,,,,,,,
,,,,,,,,,,,,,,,,,,,,,,,,
,,,,,,,,,,,,,,,,,,,,,,,,
,,,,,,,,,,,,,,,,,,,,,,,,
,,,,,,,,,,,,,,,,,,,,,,,,
,,,,,,,,,,,,,,,,,,,,,,,,
,,,,,,,,,,,,,,,,,,,,,,,,
,,,,,,,,,,,,,,,,,,,,,,,,
,,,,,,,,,,,,,,,,,,,,,,,,
,,,,,,,,,,,,,,,,,,,,,,,,
,,,,,,,,,,,,,,,,,,,,,,,,
,,,,,,,,,,,,,,,,,,,,,,,,
,,,,,,,,,,,,,,,,,,,,,,,,
,,,,,,,,,,,,,,,,,,,,,,,,
,,,,,,,,,,,,,,,,,,,,,,,,
,,,,,,,,,,,,,,,,,,,,,,,,
,,,,,,,,,,,,,,,,,,,,,,,,
,,,,,,,,,,,,,,,,,,,,,,,,
,,,,,,,,,,,,,,,,,,,,,,,,
,,,,,,,,,,,,,,,,,,,,,,,,
,,,,,,,,,,,,,,,,,,,,,,,,
,,,,,,,,,,,,,,,,,,,,,,,,
,,,,,,,,,,,,,,,,,,,,,,,,
,,,,,,,,,,,,,,,,,,,,,,,,
,,,,,,,,,,,,,,,,,,,,,,,,
,,,,,,,,,,,,,,,,,,,,,,,,
,,,,,,,,,,,,,,,,,,,,,,,,
,,,,,,,,,,,,,,,,,,,,,,,,
,,,,,,,,,,,,,,,,,,,,,,,,
,,,,,,,,,,,,,,,,,,,,,,,,
,,,,,,,,,,,,,,,,,,,,,,,,
,,,,,,,,,,,,,,,,,,,,,,,,
,,,,,,,,,,,,,,,,,,,,,,,,
,,,,,,,,,,,,,,,,,,,,,,,,
,,,,,,,,,,,,,,,,,,,,,,,,
,,,,,,,,,,,,,,,,,,,,,,,,
,,,,,,,,,,,,,,,,,,,,,,,,
,,,,,,,,,,,,,,,,,,,,,,,,
,,,,,,,,,,,,,,,,,,,,,,,,
,,,,,,,,,,,,,,,,,,,,,,,,
,,,,,,,,,,,,,,,,,,,,,,,,
,,,,,,,,,,,,,,,,,,,,,,,,
,,,,,,,,,,,,,,,,,,,,,,,,
,,,,,,,,,,,,,,,,,,,,,,,,
,,,,,,,,,,,,,,,,,,,,,,,,
,,,,,,,,,,,,,,,,,,,,,,,,
,,,,,,,,,,,,,,,,,,,,,,,,
,,,,,,,,,,,,,,,,,,,,,,,,
,,,,,,,,,,,,,,,,,,,,,,,,
,,,,,,,,,,,,,,,,,,,,,,,,
,,,,,,,,,,,,,,,,,,,,,,,,
,,,,,,,,,,,,,,,,,,,,,,,,
,,,,,,,,,,,,,,,,,,,,,,,,
,,,,,,,,,,,,,,,,,,,,,,,,
,,,,,,,,,,,,,,,,,,,,,,,,
,,,,,,,,,,,,,,,,,,,,,,,,
,,,,,,,,,,,,,,,,,,,,,,,,
,,,,,,,,,,,,,,,,,,,,,,,,
,,,,,,,,,,,,,,,,,,,,,,,,
,,,,,,,,,,,,,,,,,,,,,,,,
,,,,,,,,,,,,,,,,,,,,,,,,
,,,,,,,,,,,,,,,,,,,,,,,,
,,,,,,,,,,,,,,,,,,,,,,,,
,,,,,,,,,,,,,,,,,,,,,,,,
,,,,,,,,,,,,,,,,,,,,,,,,
,,,,,,,,,,,,,,,,,,,,,,,,
,,,,,,,,,,,,,,,,,,,,,,,,
,,,,,,,,,,,,,,,,,,,,,,,,
,,,,,,,,,,,,,,,,,,,,,,,,
,,,,,,,,,,,,,,,,,,,,,,,,
,,,,,,,,,,,,,,,,,,,,,,,,
,,,,,,,,,,,,,,,,,,,,,,,,
,,,,,,,,,,,,,,,,,,,,,,,,
,,,,,,,,,,,,,,,,,,,,,,,,
,,,,,,,,,,,,,,,,,,,,,,,,
,,,,,,,,,,,,,,,,,,,,,,,,
,,,,,,,,,,,,,,,,,,,,,,,,
,,,,,,,,,,,,,,,,,,,,,,,,
,,,,,,,,,,,,,,,,,,,,,,,,
,,,,,,,,,,,,,,,,,,,,,,,,
,,,,,,,,,,,,,,,,,,,,,,,,
,,,,,,,,,,,,,,,,,,,,,,,,
,,,,,,,,,,,,,,,,,,,,,,,,
,,,,,,,,,,,,,,,,,,,,,,,,
,,,,,,,,,,,,,,,,,,,,,,,,
,,,,,,,,,,,,,,,,,,,,,,,,
,,,,,,,,,,,,,,,,,,,,,,,,
,,,,,,,,,,,,,,,,,,,,,,,,
,,,,,,,,,,,,,,,,,,,,,,,,
,,,,,,,,,,,,,,,,,,,,,,,,
,,,,,,,,,,,,,,,,,,,,,,,,
,,,,,,,,,,,,,,,,,,,,,,,,
,,,,,,,,,,,,,,,,,,,,,,,,
,,,,,,,,,,,,,,,,,,,,,,,,
,,,,,,,,,,,,,,,,,,,,,,,,
,,,,,,,,,,,,,,,,,,,,,,,,
,,,,,,,,,,,,,,,,,,,,,,,,
,,,,,,,,,,,,,,,,,,,,,,,,
,,,,,,,,,,,,,,,,,,,,,,,,
,,,,,,,,,,,,,,,,,,,,,,,,
,,,,,,,,,,,,,,,,,,,,,,,,
,,,,,,,,,,,,,,,,,,,,,,,,
,,,,,,,,,,,,,,,,,,,,,,,,
,,,,,,,,,,,,,,,,,,,,,,,,
,,,,,,,,,,,,,,,,,,,,,,,,
,,,,,,,,,,,,,,,,,,,,,,,,
,,,,,,,,,,,,,,,,,,,,,,,,
,,,,,,,,,,,,,,,,,,,,,,,,
,,,,,,,,,,,,,,,,,,,,,,,,
,,,,,,,,,,,,,,,,,,,,,,,,
,,,,,,,,,,,,,,,,,,,,,,,,
,,,,,,,,,,,,,,,,,,,,,,,,
,,,,,,,,,,,,,,,,,,,,,,,,
,,,,,,,,,,,,,,,,,,,,,,,,
,,,,,,,,,,,,,,,,,,,,,,,,
,,,,,,,,,,,,,,,,,,,,,,,,
,,,,,,,,,,,,,,,,,,,,,,,,
,,,,,,,,,,,,,,,,,,,,,,,,
,,,,,,,,,,,,,,,,,,,,,,,,
,,,,,,,,,,,,,,,,,,,,,,,,
,,,,,,,,,,,,,,,,,,,,,,,,
,,,,,,,,,,,,,,,,,,,,,,,,
,,,,,,,,,,,,,,,,,,,,,,,,
,,,,,,,,,,,,,,,,,,,,,,,,
,,,,,,,,,,,,,,,,,,,,,,,,
,,,,,,,,,,,,,,,,,,,,,,,,
,,,,,,,,,,,,,,,,,,,,,,,,
,,,,,,,,,,,,,,,,,,,,,,,,
,,,,,,,,,,,,,,,,,,,,,,,,
,,,,,,,,,,,,,,,,,,,,,,,,
,,,,,,,,,,,,,,,,,,,,,,,,
,,,,,,,,,,,,,,,,,,,,,,,,
,,,,,,,,,,,,,,,,,,,,,,,,
,,,,,,,,,,,,,,,,,,,,,,,,
,,,,,,,,,,,,,,,,,,,,,,,,
,,,,,,,,,,,,,,,,,,,,,,,,
,,,,,,,,,,,,,,,,,,,,,,,,
,,,,,,,,,,,,,,,,,,,,,,,,
,,,,,,,,,,,,,,,,,,,,,,,,
,,,,,,,,,,,,,,,,,,,,,,,,
,,,,,,,,,,,,,,,,,,,,,,,,
,,,,,,,,,,,,,,,,,,,,,,,,
,,,,,,,,,,,,,,,,,,,,,,,,
,,,,,,,,,,,,,,,,,,,,,,,,
,,,,,,,,,,,,,,,,,,,,,,,,
,,,,,,,,,,,,,,,,,,,,,,,,
,,,,,,,,,,,,,,,,,,,,,,,,
,,,,,,,,,,,,,,,,,,,,,,,,
,,,,,,,,,,,,,,,,,,,,,,,,
,,,,,,,,,,,,,,,,,,,,,,,,
,,,,,,,,,,,,,,,,,,,,,,,,
,,,,,,,,,,,,,,,,,,,,,,,,
,,,,,,,,,,,,,,,,,,,,,,,,
,,,,,,,,,,,,,,,,,,,,,,,,
,,,,,,,,,,,,,,,,,,,,,,,,
,,,,,,,,,,,,,,,,,,,,,,,,
,,,,,,,,,,,,,,,,,,,,,,,,
,,,,,,,,,,,,,,,,,,,,,,,,
,,,,,,,,,,,,,,,,,,,,,,,,
,,,,,,,,,,,,,,,,,,,,,,,,
,,,,,,,,,,,,,,,,,,,,,,,,
,,,,,,,,,,,,,,,,,,,,,,,,
,,,,,,,,,,,,,,,,,,,,,,,,
,,,,,,,,,,,,,,,,,,,,,,,,
,,,,,,,,,,,,,,,,,,,,,,,,
,,,,,,,,,,,,,,,,,,,,,,,,
,,,,,,,,,,,,,,,,,,,,,,,,
,,,,,,,,,,,,,,,,,,,,,,,,
,,,,,,,,,,,,,,,,,,,,,,,,
,,,,,,,,,,,,,,,,,,,,,,,,
,,,,,,,,,,,,,,,,,,,,,,,,
,,,,,,,,,,,,,,,,,,,,,,,,
,,,,,,,,,,,,,,,,,,,,,,,,
,,,,,,,,,,,,,,,,,,,,,,,,
,,,,,,,,,,,,,,,,,,,,,,,,
,,,,,,,,,,,,,,,,,,,,,,,,
,,,,,,,,,,,,,,,,,,,,,,,,
,,,,,,,,,,,,,,,,,,,,,,,,
,,,,,,,,,,,,,,,,,,,,,,,,
,,,,,,,,,,,,,,,,,,,,,,,,
,,,,,,,,,,,,,,,,,,,,,,,,
,,,,,,,,,,,,,,,,,,,,,,,,
,,,,,,,,,,,,,,,,,,,,,,,,
,,,,,,,,,,,,,,,,,,,,,,,,
,,,,,,,,,,,,,,,,,,,,,,,,
,,,,,,,,,,,,,,,,,,,,,,,,
,,,,,,,,,,,,,,,,,,,,,,,,
,,,,,,,,,,,,,,,,,,,,,,,,
,,,,,,,,,,,,,,,,,,,,,,,,
,,,,,,,,,,,,,,,,,,,,,,,,
,,,,,,,,,,,,,,,,,,,,,,,,
,,,,,,,,,,,,,,,,,,,,,,,,
,,,,,,,,,,,,,,,,,,,,,,,,
,,,,,,,,,,,,,,,,,,,,,,,,
,,,,,,,,,,,,,,,,,,,,,,,,
,,,,,,,,,,,,,,,,,,,,,,,,
,,,,,,,,,,,,,,,,,,,,,,,,
,,,,,,,,,,,,,,,,,,,,,,,,
,,,,,,,,,,,,,,,,,,,,,,,,
,,,,,,,,,,,,,,,,,,,,,,,,
,,,,,,,,,,,,,,,,,,,,,,,,
,,,,,,,,,,,,,,,,,,,,,,,,
,,,,,,,,,,,,,,,,,,,,,,,,
,,,,,,,,,,,,,,,,,,,,,,,,
,,,,,,,,,,,,,,,,,,,,,,,,
,,,,,,,,,,,,,,,,,,,,,,,,
,,,,,,,,,,,,,,,,,,,,,,,,
,,,,,,,,,,,,,,,,,,,,,,,,
,,,,,,,,,,,,,,,,,,,,,,,,
,,,,,,,,,,,,,,,,,,,,,,,,
,,,,,,,,,,,,,,,,,,,,,,,,
,,,,,,,,,,,,,,,,,,,,,,,,
,,,,,,,,,,,,,,,,,,,,,,,,
,,,,,,,,,,,,,,,,,,,,,,,,
,,,,,,,,,,,,,,,,,,,,,,,,
,,,,,,,,,,,,,,,,,,,,,,,,
,,,,,,,,,,,,,,,,,,,,,,,,
,,,,,,,,,,,,,,,,,,,,,,,,
,,,,,,,,,,,,,,,,,,,,,,,,
,,,,,,,,,,,,,,,,,,,,,,,,
,,,,,,,,,,,,,,,,,,,,,,,,
,,,,,,,,,,,,,,,,,,,,,,,,
,,,,,,,,,,,,,,,,,,,,,,,,
,,,,,,,,,,,,,,,,,,,,,,,,
,,,,,,,,,,,,,,,,,,,,,,,,
,,,,,,,,,,,,,,,,,,,,,,,,
,,,,,,,,,,,,,,,,,,,,,,,,
,,,,,,,,,,,,,,,,,,,,,,,,
,,,,,,,,,,,,,,,,,,,,,,,,
,,,,,,,,,,,,,,,,,,,,,,,,
,,,,,,,,,,,,,,,,,,,,,,,,
,,,,,,,,,,,,,,,,,,,,,,,,
,,,,,,,,,,,,,,,,,,,,,,,,
,,,,,,,,,,,,,,,,,,,,,,,,
,,,,,,,,,,,,,,,,,,,,,,,,
,,,,,,,,,,,,,,,,,,,,,,,,
,,,,,,,,,,,,,,,,,,,,,,,,
,,,,,,,,,,,,,,,,,,,,,,,,
,,,,,,,,,,,,,,,,,,,,,,,,
,,,,,,,,,,,,,,,,,,,,,,,,
,,,,,,,,,,,,,,,,,,,,,,,,
,,,,,,,,,,,,,,,,,,,,,,,,
,,,,,,,,,,,,,,,,,,,,,,,,
,,,,,,,,,,,,,,,,,,,,,,,,
,,,,,,,,,,,,,,,,,,,,,,,,
,,,,,,,,,,,,,,,,,,,,,,,,
,,,,,,,,,,,,,,,,,,,,,,,,
,,,,,,,,,,,,,,,,,,,,,,,,
,,,,,,,,,,,,,,,,,,,,,,,,
,,,,,,,,,,,,,,,,,,,,,,,,
,,,,,,,,,,,,,,,,,,,,,,,,
,,,,,,,,,,,,,,,,,,,,,,,,
,,,,,,,,,,,,,,,,,,,,,,,,
,,,,,,,,,,,,,,,,,,,,,,,,
,,,,,,,,,,,,,,,,,,,,,,,,
,,,,,,,,,,,,,,,,,,,,,,,,
,,,,,,,,,,,,,,,,,,,,,,,,
,,,,,,,,,,,,,,,,,,,,,,,,
,,,,,,,,,,,,,,,,,,,,,,,,
,,,,,,,,,,,,,,,,,,,,,,,,
,,,,,,,,,,,,,,,,,,,,,,,,
,,,,,,,,,,,,,,,,,,,,,,,,
,,,,,,,,,,,,,,,,,,,,,,,,
,,,,,,,,,,,,,,,,,,,,,,,,
,,,,,,,,,,,,,,,,,,,,,,,,
,,,,,,,,,,,,,,,,,,,,,,,,
,,,,,,,,,,,,,,,,,,,,,,,,
,,,,,,,,,,,,,,,,,,,,,,,,
,,,,,,,,,,,,,,,,,,,,,,,,
,,,,,,,,,,,,,,,,,,,,,,,,
,,,,,,,,,,,,,,,,,,,,,,,,
,,,,,,,,,,,,,,,,,,,,,,,,
,,,,,,,,,,,,,,,,,,,,,,,,
,,,,,,,,,,,,,,,,,,,,,,,,
,,,,,,,,,,,,,,,,,,,,,,,,
,,,,,,,,,,,,,,,,,,,,,,,,
,,,,,,,,,,,,,,,,,,,,,,,,
,,,,,,,,,,,,,,,,,,,,,,,,
,,,,,,,,,,,,,,,,,,,,,,,,
,,,,,,,,,,,,,,,,,,,,,,,,
,,,,,,,,,,,,,,,,,,,,,,,,
,,,,,,,,,,,,,,,,,,,,,,,,
,,,,,,,,,,,,,,,,,,,,,,,,
,,,,,,,,,,,,,,,,,,,,,,,,
,,,,,,,,,,,,,,,,,,,,,,,,
,,,,,,,,,,,,,,,,,,,,,,,,
,,,,,,,,,,,,,,,,,,,,,,,,
,,,,,,,,,,,,,,,,,,,,,,,,
,,,,,,,,,,,,,,,,,,,,,,,,
,,,,,,,,,,,,,,,,,,,,,,,,
,,,,,,,,,,,,,,,,,,,,,,,,
,,,,,,,,,,,,,,,,,,,,,,,,
,,,,,,,,,,,,,,,,,,,,,,,,
,,,,,,,,,,,,,,,,,,,,,,,,
,,,,,,,,,,,,,,,,,,,,,,,,
,,,,,,,,,,,,,,,,,,,,,,,,
,,,,,,,,,,,,,,,,,,,,,,,,
,,,,,,,,,,,,,,,,,,,,,,,,
,,,,,,,,,,,,,,,,,,,,,,,,
,,,,,,,,,,,,,,,,,,,,,,,,
,,,,,,,,,,,,,,,,,,,,,,,,
,,,,,,,,,,,,,,,,,,,,,,,,
,,,,,,,,,,,,,,,,,,,,,,,,
,,,,,,,,,,,,,,,,,,,,,,,,
,,,,,,,,,,,,,,,,,,,,,,,,
,,,,,,,,,,,,,,,,,,,,,,,,
,,,,,,,,,,,,,,,,,,,,,,,,
,,,,,,,,,,,,,,,,,,,,,,,,
,,,,,,,,,,,,,,,,,,,,,,,,
,,,,,,,,,,,,,,,,,,,,,,,,
,,,,,,,,,,,,,,,,,,,,,,,,
,,,,,,,,,,,,,,,,,,,,,,,,
,,,,,,,,,,,,,,,,,,,,,,,,
,,,,,,,,,,,,,,,,,,,,,,,,
,,,,,,,,,,,,,,,,,,,,,,,,
,,,,,,,,,,,,,,,,,,,,,,,,
,,,,,,,,,,,,,,,,,,,,,,,,
,,,,,,,,,,,,,,,,,,,,,,,,
,,,,,,,,,,,,,,,,,,,,,,,,
,,,,,,,,,,,,,,,,,,,,,,,,
,,,,,,,,,,,,,,,,,,,,,,,,
,,,,,,,,,,,,,,,,,,,,,,,,
,,,,,,,,,,,,,,,,,,,,,,,,
,,,,,,,,,,,,,,,,,,,,,,,,
,,,,,,,,,,,,,,,,,,,,,,,,
,,,,,,,,,,,,,,,,,,,,,,,,
,,,,,,,,,,,,,,,,,,,,,,,,
,,,,,,,,,,,,,,,,,,,,,,,,
,,,,,,,,,,,,,,,,,,,,,,,,
,,,,,,,,,,,,,,,,,,,,,,,,
,,,,,,,,,,,,,,,,,,,,,,,,
,,,,,,,,,,,,,,,,,,,,,,,,
,,,,,,,,,,,,,,,,,,,,,,,,
,,,,,,,,,,,,,,,,,,,,,,,,
,,,,,,,,,,,,,,,,,,,,,,,,
,,,,,,,,,,,,,,,,,,,,,,,,
,,,,,,,,,,,,,,,,,,,,,,,,
,,,,,,,,,,,,,,,,,,,,,,,,
,,,,,,,,,,,,,,,,,,,,,,,,
,,,,,,,,,,,,,,,,,,,,,,,,
,,,,,,,,,,,,,,,,,,,,,,,,
,,,,,,,,,,,,,,,,,,,,,,,,
,,,,,,,,,,,,,,,,,,,,,,,,
,,,,,,,,,,,,,,,,,,,,,,,,
,,,,,,,,,,,,,,,,,,,,,,,,
,,,,,,,,,,,,,,,,,,,,,,,,
,,,,,,,,,,,,,,,,,,,,,,,,
,,,,,,,,,,,,,,,,,,,,,,,,
,,,,,,,,,,,,,,,,,,,,,,,,
,,,,,,,,,,,,,,,,,,,,,,,,
,,,,,,,,,,,,,,,,,,,,,,,,
,,,,,,,,,,,,,,,,,,,,,,,,
,,,,,,,,,,,,,,,,,,,,,,,,
,,,,,,,,,,,,,,,,,,,,,,,,
,,,,,,,,,,,,,,,,,,,,,,,,
,,,,,,,,,,,,,,,,,,,,,,,,
,,,,,,,,,,,,,,,,,,,,,,,,
,,,,,,,,,,,,,,,,,,,,,,,,
,,,,,,,,,,,,,,,,,,,,,,,,
,,,,,,,,,,,,,,,,,,,,,,,,
,,,,,,,,,,,,,,,,,,,,,,,,
,,,,,,,,,,,,,,,,,,,,,,,,
,,,,,,,,,,,,,,,,,,,,,,,,
,,,,,,,,,,,,,,,,,,,,,,,,
,,,,,,,,,,,,,,,,,,,,,,,,
,,,,,,,,,,,,,,,,,,,,,,,,
,,,,,,,,,,,,,,,,,,,,,,,,
,,,,,,,,,,,,,,,,,,,,,,,,
,,,,,,,,,,,,,,,,,,,,,,,,
,,,,,,,,,,,,,,,,,,,,,,,,
,,,,,,,,,,,,,,,,,,,,,,,,
,,,,,,,,,,,,,,,,,,,,,,,,
,,,,,,,,,,,,,,,,,,,,,,,,
,,,,,,,,,,,,,,,,,,,,,,,,
,,,,,,,,,,,,,,,,,,,,,,,,
,,,,,,,,,,,,,,,,,,,,,,,,
,,,,,,,,,,,,,,,,,,,,,,,,
,,,,,,,,,,,,,,,,,,,,,,,,
,,,,,,,,,,,,,,,,,,,,,,,,
,,,,,,,,,,,,,,,,,,,,,,,,
,,,,,,,,,,,,,,,,,,,,,,,,
,,,,,,,,,,,,,,,,,,,,,,,,
,,,,,,,,,,,,,,,,,,,,,,,,
,,,,,,,,,,,,,,,,,,,,,,,,
,,,,,,,,,,,,,,,,,,,,,,,,
,,,,,,,,,,,,,,,,,,,,,,,,
,,,,,,,,,,,,,,,,,,,,,,,,
,,,,,,,,,,,,,,,,,,,,,,,,
,,,,,,,,,,,,,,,,,,,,,,,,
,,,,,,,,,,,,,,,,,,,,,,,,
,,,,,,,,,,,,,,,,,,,,,,,,
,,,,,,,,,,,,,,,,,,,,,,,,
,,,,,,,,,,,,,,,,,,,,,,,,
,,,,,,,,,,,,,,,,,,,,,,,,
,,,,,,,,,,,,,,,,,,,,,,,,
,,,,,,,,,,,,,,,,,,,,,,,,
,,,,,,,,,,,,,,,,,,,,,,,,
,,,,,,,,,,,,,,,,,,,,,,,,
,,,,,,,,,,,,,,,,,,,,,,,,
,,,,,,,,,,,,,,,,,,,,,,,,
,,,,,,,,,,,,,,,,,,,,,,,,
,,,,,,,,,,,,,,,,,,,,,,,,
,,,,,,,,,,,,,,,,,,,,,,,,
,,,,,,,,,,,,,,,,,,,,,,,,
,,,,,,,,,,,,,,,,,,,,,,,,
,,,,,,,,,,,,,,,,,,,,,,,,
,,,,,,,,,,,,,,,,,,,,,,,,
,,,,,,,,,,,,,,,,,,,,,,,,
,,,,,,,,,,,,,,,,,,,,,,,,
,,,,,,,,,,,,,,,,,,,,,,,,
,,,,,,,,,,,,,,,,,,,,,,,,
,,,,,,,,,,,,,,,,,,,,,,,,
,,,,,,,,,,,,,,,,,,,,,,,,
,,,,,,,,,,,,,,,,,,,,,,,,
,,,,,,,,,,,,,,,,,,,,,,,,
,,,,,,,,,,,,,,,,,,,,,,,,
,,,,,,,,,,,,,,,,,,,,,,,,
,,,,,,,,,,,,,,,,,,,,,,,,
,,,,,,,,,,,,,,,,,,,,,,,,
,,,,,,,,,,,,,,,,,,,,,,,,
,,,,,,,,,,,,,,,,,,,,,,,,
,,,,,,,,,,,,,,,,,,,,,,,,
,,,,,,,,,,,,,,,,,,,,,,,,
,,,,,,,,,,,,,,,,,,,,,,,,
,,,,,,,,,,,,,,,,,,,,,,,,
,,,,,,,,,,,,,,,,,,,,,,,,
,,,,,,,,,,,,,,,,,,,,,,,,
,,,,,,,,,,,,,,,,,,,,,,,,
,,,,,,,,,,,,,,,,,,,,,,,,
,,,,,,,,,,,,,,,,,,,,,,,,
,,,,,,,,,,,,,,,,,,,,,,,,
,,,,,,,,,,,,,,,,,,,,,,,,
,,,,,,,,,,,,,,,,,,,,,,,,
,,,,,,,,,,,,,,,,,,,,,,,,
,,,,,,,,,,,,,,,,,,,,,,,,
,,,,,,,,,,,,,,,,,,,,,,,,
,,,,,,,,,,,,,,,,,,,,,,,,
,,,,,,,,,,,,,,,,,,,,,,,,
,,,,,,,,,,,,,,,,,,,,,,,,
,,,,,,,,,,,,,,,,,,,,,,,,
,,,,,,,,,,,,,,,,,,,,,,,,
,,,,,,,,,,,,,,,,,,,,,,,,
,,,,,,,,,,,,,,,,,,,,,,,,
,,,,,,,,,,,,,,,,,,,,,,,,
,,,,,,,,,,,,,,,,,,,,,,,,
,,,,,,,,,,,,,,,,,,,,,,,,
,,,,,,,,,,,,,,,,,,,,,,,,
,,,,,,,,,,,,,,,,,,,,,,,,
,,,,,,,,,,,,,,,,,,,,,,,,
,,,,,,,,,,,,,,,,,,,,,,,,
,,,,,,,,,,,,,,,,,,,,,,,,
,,,,,,,,,,,,,,,,,,,,,,,,
,,,,,,,,,,,,,,,,,,,,,,,,
,,,,,,,,,,,,,,,,,,,,,,,,
,,,,,,,,,,,,,,,,,,,,,,,,
,,,,,,,,,,,,,,,,,,,,,,,,
,,,,,,,,,,,,,,,,,,,,,,,,
,,,,,,,,,,,,,,,,,,,,,,,,
,,,,,,,,,,,,,,,,,,,,,,,,
,,,,,,,,,,,,,,,,,,,,,,,,
,,,,,,,,,,,,,,,,,,,,,,,,
,,,,,,,,,,,,,,,,,,,,,,,,
,,,,,,,,,,,,,,,,,,,,,,,,
,,,,,,,,,,,,,,,,,,,,,,,,
,,,,,,,,,,,,,,,,,,,,,,,,
,,,,,,,,,,,,,,,,,,,,,,,,
,,,,,,,,,,,,,,,,,,,,,,,,
,,,,,,,,,,,,,,,,,,,,,,,,
,,,,,,,,,,,,,,,,,,,,,,,,
,,,,,,,,,,,,,,,,,,,,,,,,
,,,,,,,,,,,,,,,,,,,,,,,,
,,,,,,,,,,,,,,,,,,,,,,,,
,,,,,,,,,,,,,,,,,,,,,,,,
,,,,,,,,,,,,,,,,,,,,,,,,
,,,,,,,,,,,,,,,,,,,,,,,,
,,,,,,,,,,,,,,,,,,,,,,,,
,,,,,,,,,,,,,,,,,,,,,,,,
,,,,,,,,,,,,,,,,,,,,,,,,
,,,,,,,,,,,,,,,,,,,,,,,,
,,,,,,,,,,,,,,,,,,,,,,,,
,,,,,,,,,,,,,,,,,,,,,,,,
,,,,,,,,,,,,,,,,,,,,,,,,
,,,,,,,,,,,,,,,,,,,,,,,,
,,,,,,,,,,,,,,,,,,,,,,,,
,,,,,,,,,,,,,,,,,,,,,,,,
,,,,,,,,,,,,,,,,,,,,,,,,
,,,,,,,,,,,,,,,,,,,,,,,,
,,,,,,,,,,,,,,,,,,,,,,,,
,,,,,,,,,,,,,,,,,,,,,,,,
,,,,,,,,,,,,,,,,,,,,,,,,
,,,,,,,,,,,,,,,,,,,,,,,,
,,,,,,,,,,,,,,,,,,,,,,,,
,,,,,,,,,,,,,,,,,,,,,,,,
,,,,,,,,,,,,,,,,,,,,,,,,
,,,,,,,,,,,,,,,,,,,,,,,,
,,,,,,,,,,,,,,,,,,,,,,,,
,,,,,,,,,,,,,,,,,,,,,,,,
,,,,,,,,,,,,,,,,,,,,,,,,
,,,,,,,,,,,,,,,,,,,,,,,,
,,,,,,,,,,,,,,,,,,,,,,,,
,,,,,,,,,,,,,,,,,,,,,,,,
