1001,钻石,diamond,diamond,icon_diamond,2,-1,1,0,,0,[],0,0,0,0,0,0,0,0,0,[],-1,1,0,[],-1,-1,[-1],,,0
1002,金币,gold,gold,icon_gold,3,-1,1,0,,0,[],0,0,0,0,0,0,0,0,0,[],-1,1,0,[],-1,-1,[-1],,,0
1003,体力,energy,energy,icon_energy,1,-1,1,0,,0,[],0,0,0,0,0,0,0,0,0,[],-1,1,0,[],9999999,-1,[-1],,,0
1004,皇冠,item_1004,item_desc_1004,item_dragon_crown,13,4,1,0,,0,[],0,0,0,0,0,0,0,0,0,[],-1,1,0,[],-1,7,[7],,,0
2001,草,item_2001,item_desc_2001,item_grass,13,1,2,0,,0,[],2,0,3,3,2,2,-1,200,200,"[50,40,60]",-1,1,0,[],9999,4,"[4,8]",,,0
2002,树脂,item_2002,item_desc_2002,item_resin,13,1,2,0,,0,[],2,0,3,3,2,2,-1,0,200,"[50,40,60]",-1,1,0,[],9999,4,"[4,8]",,,0
2003,木头,item_2003,item_desc_2003,item_wood,13,1,2,0,,0,[],2,0,3,3,2,2,-1,100,200,"[50,40,60]",-1,1,0,[],9999,4,"[4,8]",,,0
2004,石头,item_2004,item_desc_2004,item_stone,13,1,2,0,,0,[],2,0,3,3,2,2,-1,100,200,"[50,40,60]",-1,1,0,[],9999,4,"[4,8]",,,0
2005,铁矿,item_2005,item_desc_2005,item_iron_ore,13,1,2,0,,0,[],2,0,6,3,2,2,-1,0,200,"[50,40,60]",-1,1,0,[],9999,4,"[4,8]",,,0
2006,浆果,item_2006,item_desc_2006,crops_1,13,4,18,0,,0,[],0,0,0,1,2,0,0,0,0,[],-1,0,3,[600],9999,9,[9],,,0
2007,金色浆果,item_2007,item_desc_2007,crops_2,13,4,18,0,,0,[],0,0,0,1,5,0,0,0,0,[],-1,0,3,[3600],9999,9,[9],,,0
2008,巨无霸浆果,item_2008,item_desc_2008,crops_3,13,4,18,0,,0,[],0,0,0,1,10,0,0,0,0,[],-1,0,3,[14400],9999,9,[9],,,0
2100,龙源石,item_2100,item_desc_2100,item_dragon_money,13,4,2,0,,0,[],0,0,0,0,80,0,0,0,0,[],-1,1,0,[],-1,1,[1],,,0
5001,小麦,item_5001,item_desc_5001,item_wheat,13,1,5,14001,,0,[],1,0,3,1,2,1,-1,100,200,"[50,40,60]",-1,1,0,[],99999,3,[3],,,0
5002,草莓,item_5002,item_desc_5002,item_strawberry,13,1,5,14061,,0,[],1,0,5,5,3,3,-1,100,200,"[50,40,60]",-1,1,0,[],99999,3,[3],,,0
5003,蓝莓,item_5003,item_desc_5003,item_blueberry,13,1,5,14161,,0,[],0,0,10,10,5,7,-1,100,200,"[50,40,60]",-1,1,0,[],99999,3,[3],,,0
5004,苹果,item_5004,item_desc_5004,item_apple,13,1,5,14171,,0,[],0,0,20,18,10,13,-1,100,200,"[50,40,60]",-1,1,0,[],99999,3,[3],,,0
5005,蜂蜜,item_5005,item_desc_5005,item_honey,13,1,5,14091,,0,[],3,0,15,14,8,10,-1,100,200,"[50,40,60]",-1,1,0,[],99999,3,[3],,,0
5006,牛奶,item_5006,item_desc_5006,item_milk,13,1,5,14071,,0,[],1,0,15,14,8,10,-1,100,200,"[50,40,60]",-1,1,0,[],99999,3,[3],,,0
5007,羊毛,item_5007,item_desc_5007,item_wool,13,1,5,14144,,0,[],0,0,30,25,15,18,-1,100,200,"[50,40,60]",-1,1,0,[],99999,3,[3],,,0
5008,紫薯,item_5008,item_desc_5008,item_purpleSweetPotato,13,1,5,14021,,0,[],3,0,10,10,5,7,-1,100,200,"[50,40,60]",-1,1,0,[],99999,3,[3],,,0
5009,沙石,item_5009,item_desc_5009,item_sandstone,13,1,5,14051,,0,[],1,0,5,5,3,3,-1,100,200,"[50,40,60]",-1,1,0,[],99999,3,[3],,,0
5010,黏土,item_5010,item_desc_5010,item_clay,13,1,5,14131,,0,[],0,0,10,10,5,7,-1,100,200,"[50,40,60]",-1,1,0,[],99999,3,[3],,,0
5011,岩石,item_5011,item_desc_5011,item_rock,13,1,5,14081,,0,[],3,0,20,18,10,13,-1,100,200,"[50,40,60]",-1,1,0,[],99999,3,[3],,,0
5012,铜矿石,item_5012,item_desc_5012,item_copper_mine,13,1,5,14011,,0,[],1,0,30,25,15,18,-1,100,200,"[50,40,60]",-1,1,0,[],99999,3,[3],,,0
5013,银矿石,item_5013,item_desc_5013,item_silverOre,13,1,5,14101,,0,[],0,0,50,37,25,27,-1,100,200,"[50,40,60]",-1,1,0,[],99999,3,[3],,,0
5014,金矿石,item_5014,item_desc_5014,item_goldOre,13,1,5,14121,,0,[],0,0,60,45,30,33,-1,100,200,"[50,40,60]",-1,1,0,[],99999,3,[3],,,0
5015,硬木,item_5015,item_desc_5015,item_hardwood,13,1,5,14181,,0,[],1,0,10,10,5,7,-1,100,200,"[50,40,60]",-1,1,0,[],99999,3,[3],,,0
5016,软木,item_5016,item_desc_5016,item_cork,13,1,5,14041,,0,[],1,0,1,5,1,3,-1,100,200,"[50,40,60]",-1,1,0,[],99999,3,[3],,,0
5017,藤蔓,item_5017,item_desc_5017,item_caneVine,13,1,5,14151,,0,[],0,0,10,10,5,7,-1,100,200,"[50,40,60]",-1,1,0,[],99999,3,[3],,,0
5018,木炭,item_5018,item_desc_5018,item_charcoal,13,1,5,14031,,0,[],1,0,3,3,2,2,-1,100,200,"[50,40,60]",-1,1,0,[],99999,3,[3],,,0
5019,红宝石,item_5019,item_desc_5019,item_ruby,13,1,5,14111,,0,[],0,0,60,45,30,33,-1,100,200,"[50,40,60]",-1,1,0,[],99999,3,[3],,,0
5020,蓝宝石,item_5020,item_desc_5020,item_sapphire,13,1,5,14201,,0,[],0,0,50,37,25,27,-1,100,200,"[50,40,60]",-1,1,0,[],99999,3,[3],,,0
5021,绿宝石,item_5021,item_desc_5021,item_emerald,13,1,5,14211,,0,[],0,0,40,30,20,22,-1,100,200,"[50,40,60]",-1,1,0,[],99999,3,[3],,,0
5022,金刚石,item_5022,item_desc_5022,item_diamond,13,1,5,14191,,0,[],0,0,90,60,45,45,-1,100,200,"[50,40,60]",-1,1,0,[],99999,3,[3],,,0
3001,面粉,item_3001,item_desc_3001,item_flour,13,2,3,0,141001,1,"[[5001,9]]",3,180,15,18,6,13,5,100,0,"[50,40,60]",-1,1,0,[],9999,2,"[2,3]",,,0
3002,奶油,item_3002,item_desc_3002,item_cream,13,2,3,0,141021,1,"[[5006,6]]",3,300,15,100,46,75,5,100,0,"[50,40,60]",-1,1,0,[],9999,2,"[2,3]",,,0
3003,蜜糖,item_3003,item_desc_3003,item_honeySugar,13,2,3,0,,1,"[[5005,5],[5018,1]]",3,300,15,89,40,66,5,100,0,"[50,40,60]",-1,1,0,[],9999,2,[2],,,0
3004,木料,item_3004,item_desc_3004,item_timber,13,2,3,0,,2,"[[5016,5],[2001,10]]",3,180,33,64,29,48,5,100,500,"[50,40,60]",-1,1,0,[],9999,2,[2],,,0
3005,乳胶,item_3005,item_desc_3005,item_emulsion,13,2,3,0,,1,"[[2002,5],[5018,2]]",3,300,20,37,13,27,5,10,500,"[50,40,60]",-1,1,0,[],9999,2,[2],,,0
3006,石块,item_3006,item_desc_3006,item_cut_stone,13,2,3,0,,1,"[[2004,5]]",3,300,20,31,10,23,5,100,500,"[50,40,60]",-1,1,0,[],9999,2,[2],,,0
3007,细沙,item_3007,item_desc_3007,item_fine_sand,13,2,3,0,,1,"[[5009,5]]",3,300,15,41,15,30,5,100,0,"[50,40,60]",-1,1,0,[],9999,2,[2],,,0
3008,大理石,item_3008,item_desc_3008,item_marble,13,2,3,0,141041,1,"[[5011,9]]",3,600,20,138,63,103,5,100,0,"[50,40,60]",-1,1,0,[],9999,2,[2],,,0
3009,铁锭,item_3009,item_desc_3009,item_iron_ingots,13,2,3,0,,1,"[[2005,5]]",3,900,30,56,15,42,5,10,500,"[50,40,60]",-1,1,0,[],9999,2,[2],,,0
3010,铜锭,item_3010,item_desc_3010,item_copper_ingot,13,2,3,0,141011,1,"[[5012,5]]",3,1200,20,180,77,135,5,100,500,"[50,40,60]",-1,1,0,[],9999,2,"[2,3]",,,0
3011,银锭,item_3011,item_desc_3011,item_silverIngot,13,2,3,0,,2,"[[5013,5]]",0,2400,40,285,131,213,5,100,500,"[50,40,60]",-1,1,0,[],9999,2,[2],,,0
3012,金锭,item_3012,item_desc_3012,item_goldBullion,13,2,3,0,,2,"[[5014,5]]",0,3600,60,375,152,281,5,100,500,"[50,40,60]",-1,1,0,[],9999,2,[2],,,0
3013,毛线,item_3013,item_desc_3013,item_knittingWool,13,2,3,0,,1,"[[5007,5]]",0,600,10,155,72,116,5,100,200,"[50,40,60]",-1,1,0,[],9999,2,[2],,,0
3014,棉线,item_3014,item_desc_3014,item_cottonThread,13,2,3,0,,1,"[[5007,10]]",0,600,10,280,131,210,5,100,200,"[50,40,60]",-1,1,0,[],9999,2,[2],,,0
3015,面团,item_3015,item_desc_3015,item_dough,13,2,3,0,,1,"[[3001,1],[5008,6]]",3,300,8,94,37,70,5,100,0,"[50,40,60]",-1,1,0,[],9999,2,[2],,,0
3016,木板,item_3016,item_desc_3016,item_board,13,2,3,0,,2,"[[2003,5],[3004,1]]",3,600,58,109,40,81,5,100,200,"[50,40,60]",-1,1,0,[],9999,2,[2],,,0
3017,橡胶,item_3017,item_desc_3017,item_rubber,13,2,3,0,,2,"[[3005,2]]",3,900,55,115,33,86,5,10,200,"[50,40,60]",-1,1,0,[],9999,2,[2],,,0
3018,木桩,item_3018,item_desc_3018,item_woodenStake,13,2,3,0,,6,"[[5015,5],[3004,2]]",0,600,76,208,80,156,5,100,200,"[50,40,60]",-1,1,0,[],9999,2,[2],,,0
3019,硬泥块,item_3019,item_desc_3019,item_hardMudLump,13,2,3,0,,1,"[[5010,5],[3007,2]]",0,900,25,173,60,129,5,100,200,"[50,40,60]",-1,1,0,[],9999,2,[2],,,0
3020,铁丝,item_3020,item_desc_3020,item_iron_wire,13,2,3,0,,2,"[[3009,1],[5018,2]]",3,1800,60,142,32,106,5,10,200,"[50,40,60]",-1,1,0,[],9999,2,[2],,,0
3021,铜丝,item_3021,item_desc_3021,item_copper_wire,13,2,3,0,,2,"[[3010,1],[5018,1]]",3,1800,50,263,92,197,5,100,200,"[50,40,60]",-1,1,0,[],9999,2,[2],,,0
3022,铁板,item_3022,item_desc_3022,item_ironPlate,13,2,3,0,,3,"[[3009,3],[5018,3]]",3,1800,120,257,62,192,5,10,200,"[50,40,60]",-1,1,0,[],9999,2,[2],,,0
3023,布,item_3023,item_desc_3023,item_cloth,13,2,3,0,,2,"[[3014,2]]",0,900,35,601,242,450,5,100,200,"[50,40,60]",-1,1,0,[],9999,2,[2],,,0
3024,草莓果酱,item_3024,item_desc_3024,item_strawberry_jam,13,2,3,0,,2,"[[5002,9],[3003,3]]",3,1200,35,367,132,275,5,100,200,"[50,40,60]",-1,1,0,[],9999,2,[2],,,0
3025,蓝莓果酱,item_3025,item_desc_3025,item_blueberryJam,13,2,3,0,,2,"[[5003,9],[3003,3]]",0,1200,35,412,151,309,5,100,200,"[50,40,60]",-1,1,0,[],9999,2,[2],,,0
3026,苹果果酱,item_3026,item_desc_3026,item_appleJam,13,2,3,0,,2,"[[5004,9],[3003,3]]",0,1200,35,484,189,363,5,100,200,"[50,40,60]",-1,1,0,[],9999,2,[2],,,0
3027,金制雕花,item_3027,item_desc_3027,item_goldCarving,13,2,3,0,,3,"[[3012,1],[5018,5]]",0,1800,90,460,171,345,5,100,200,"[50,40,60]",-1,1,0,[],9999,2,[2],,,0
3028,毛衣,item_3028,item_desc_3028,item_sweater,13,2,3,0,,3,"[[3013,5]]",0,1800,80,855,316,641,5,100,200,"[50,40,60]",-1,1,0,[],9999,2,[2],,,0
3029,衬衫,item_3029,item_desc_3029,item_shirt,13,2,3,0,,3,"[[3023,2]]",0,3600,130,1352,466,1014,5,100,200,"[50,40,60]",-1,1,0,[],9999,2,[2],,,0
3030,裤子,item_3030,item_desc_3030,item_pants,13,2,3,0,,3,"[[3023,3]]",0,5400,195,2023,599,1517,5,100,200,"[50,40,60]",-1,1,0,[],9999,2,[2],,,0
3031,面包圈,item_3031,item_desc_3031,item_bagel,13,2,3,0,,1,"[[3015,1]]",0,600,30,124,42,93,5,100,200,"[50,40,60]",-1,1,0,[],9999,2,[2],,,0
3032,木架,item_3032,item_desc_3032,item_wooden_frame,13,2,3,0,,4,"[[3016,4],[3020,2]]",3,1800,382,800,208,600,5,20,200,"[50,40,60]",-1,1,0,[],9999,2,[2],,,0
3033,灯泡,item_3033,item_desc_3033,item_bulb,13,2,3,0,,3,"[[3020,1],[3021,1],[5018,1]]",0,2400,150,508,132,381,5,20,200,"[50,40,60]",-1,1,0,[],9999,2,[2],,,0
3034,首饰模具,item_3034,item_desc_3034,item_jewelryMould,13,2,3,0,,4,"[[3022,2],[3017,2]]",0,1800,380,824,178,618,5,20,200,"[50,40,60]",-1,1,0,[],9999,2,[2],,,0
3035,面包,item_3035,item_desc_3035,item_bread,13,2,3,0,,2,"[[3015,1],[3003,2]]",3,2400,53,372,90,279,5,100,200,"[50,40,60]",-1,1,0,[],9999,2,[2],,,0
3036,铁架,item_3036,item_desc_3036,item_Iron_frame,13,2,3,0,,4,"[[3022,3],[3005,2]]",0,3600,460,995,210,746,5,20,200,"[50,40,60]",-1,1,0,[],9999,2,[2],,,0
3037,灯架,item_3037,item_desc_3037,item_light_stand,13,2,3,0,,4,"[[3010,3],[3021,2],[3017,1]]",3,3600,275,1331,366,998,5,100,200,"[50,40,60]",-1,1,0,[],9999,2,[2],,,0
3038,水泥,item_3038,item_desc_3038,item_cement,13,2,3,0,,3,"[[3019,2]]",0,1800,80,426,126,319,5,20,200,"[50,40,60]",-1,1,0,[],9999,2,[2],,,0
3039,图腾,item_3039,item_desc_3039,item_totem,13,2,3,0,,4,"[[3018,1],[3027,2],[3005,2]]",0,3600,356,1352,385,1014,5,20,200,"[50,40,60]",-1,1,0,[],9999,2,[2],,,0
3040,棉服,item_3040,item_desc_3040,item_cottonClothes,13,2,3,0,,3,"[[3014,2],[3023,2]]",0,5400,180,2953,594,2214,5,100,200,"[50,40,60]",-1,1,0,[],9999,2,[2],,,0
3041,奶油面包,item_3041,item_desc_3041,item_butterBread,13,2,3,0,,3,"[[3035,1],[3002,3]]",3,1200,88,727,192,545,5,100,200,"[50,40,60]",-1,1,0,[],9999,2,[2],,,0
3042,甜甜圈,item_3042,item_desc_3042,item_doughnut,13,2,3,0,,2,"[[3031,1],[3003,3]]",0,1200,53,446,150,334,5,100,200,"[50,40,60]",-1,1,0,[],9999,2,[2],,,0
3043,台阶,item_3043,item_desc_3043,item_steps,13,2,3,0,,4,"[[3006,9],[3038,2]]",0,5400,430,1762,316,1321,5,100,200,"[50,40,60]",-1,1,0,[],9999,2,[2],,,0
3044,瓷砖,item_3044,item_desc_3044,item_tile,13,2,3,0,,4,"[[3008,4],[3038,1],[3005,1]]",0,3600,200,1165,337,873,5,20,200,"[50,40,60]",-1,1,0,[],9999,2,[2],,,0
3045,椅子,item_3045,item_desc_3045,item_chair,13,2,3,0,,5,"[[3032,2],[3004,5],[5017,6]]",0,3600,989,2130,490,1597,5,100,200,"[50,40,60]",-1,1,0,[],9999,2,[2],,,0
3046,桌子,item_3046,item_desc_3046,item_desk,13,2,3,0,,5,"[[3032,3],[3004,6],[5017,9]]",0,5400,1434,3094,603,2320,5,100,200,"[50,40,60]",-1,1,0,[],9999,2,[2],,,0
3047,床,item_3047,item_desc_3047,item_bed,13,2,3,0,,5,"[[3036,2],[3020,5],[3017,2]]",0,5400,1420,3150,544,2362,5,100,200,"[50,40,60]",-1,1,0,[],9999,2,[2],,,0
3048,铜制吊灯,item_3048,item_desc_3048,item_tableLamp,13,2,3,0,,4,"[[3033,1],[3037,1],[5017,3]]",0,5400,515,2089,517,1566,5,100,200,"[50,40,60]",-1,1,0,[],9999,2,[2],,,0
3049,华丽衣柜,item_3049,item_desc_3049,item_wardrobe,13,2,3,0,,5,"[[3032,2],[3036,1],[3027,1]]",0,7200,1434,3315,604,2486,5,100,200,"[50,40,60]",-1,1,0,[],9999,2,[2],,,0
3050,银项链,item_3050,item_desc_3050,item_silverNecklace,13,2,3,0,,4,"[[3011,2],[3034,1]]",0,5400,550,1614,383,1210,5,100,200,"[50,40,60]",-1,1,0,[],9999,2,[2],,,0
3051,金戒指,item_3051,item_desc_3051,item_goldRing,13,2,3,0,,4,"[[3012,2],[3034,1]]",0,5400,590,1794,432,1345,5,100,200,"[50,40,60]",-1,1,0,[],9999,2,[2],,,0
3052,草莓甜甜圈,item_3052,item_desc_3052,item_strawberryDoughnut,13,2,3,0,,3,"[[3024,1],[3042,1],[3002,2]]",3,3600,158,1163,350,872,5,100,200,"[50,40,60]",-1,1,0,[],9999,2,[2],,,0
3053,蓝莓甜甜圈,item_3053,item_desc_3053,item_blueberryDoughnut,13,2,3,0,,3,"[[3025,1],[3042,1],[3002,2]]",0,3600,158,1208,367,906,5,100,200,"[50,40,60]",-1,1,0,[],9999,2,[2],,,0
3054,苹果甜甜圈,item_3054,item_desc_3054,item_appleDoughnut,13,2,3,0,,3,"[[3026,1],[3042,1],[3002,2]]",0,3600,158,1280,370,960,5,100,200,"[50,40,60]",-1,1,0,[],9999,2,[2],,,0
3055,宝石项链,item_3055,item_desc_3055,item_gemNecklace,13,2,3,0,,4,"[[3050,1],[5020,2],[5021,2]]",0,7200,670,2008,488,1506,5,100,200,"[50,40,60]",-1,1,0,[],9999,2,[2],,,0
3056,钻石戒指,item_3056,item_desc_3056,item_diamondRing,13,2,3,0,,5,"[[3051,1],[5022,1],[5019,2]]",0,7200,710,2204,547,1653,5,100,200,"[50,40,60]",-1,1,0,[],9999,2,[2],,,0
4001,石灯,item_4001,item_desc_4001,item_story_stonelight,13,3,4,0,,0,[],0,0,0,0,0,0,0,0,0,[],-1,1,0,[],9999,0,[0],item_getway_4001,,0
4002,麻绳,item_4002,item_desc_4002,item_story_hemprope,13,3,4,0,,0,[],0,0,0,0,0,0,0,0,0,[],-1,1,0,[],9999,0,[0],item_getway_4001,,0
4003,能源石,item_4003,item_desc_4003,item_story_energystone,13,3,4,0,,0,[],0,0,0,0,0,0,0,0,0,[],-1,1,0,[],9999,0,[0],item_getway_4003,,0
4004,黑曜石,item_4004,item_des_4004,collection1_item1,13,4,4,0,,0,[],0,0,0,0,0,0,0,0,0,[],-1,1,0,[],9999,0,[0],item_getway_4004,,0
4005,孔雀石,item_4005,item_des_4005,collection1_item2,13,4,4,0,,0,[],0,0,0,0,0,0,0,0,0,[],-1,1,0,[],9999,0,[0],item_getway_4005,,0
4006,月光石,item_4006,item_des_4006,collection1_item3,13,4,4,0,,0,[],0,0,0,0,0,0,0,0,0,[],-1,1,0,[],9999,0,[0],item_getway_4006,,0
4007,猫眼石,item_4007,item_des_4007,collection1_item4,13,4,4,0,,0,[],0,0,0,0,0,0,0,0,0,[],-1,1,0,[],9999,0,[0],item_getway_4007,,0
4008,虎睛石,item_4008,item_des_4008,collection1_item5,13,4,4,0,,0,[],0,0,0,0,0,0,0,0,0,[],-1,1,0,[],9999,0,[0],item_getway_4008,,0
4009,昆虫琥珀,item_4009,item_des_4009,collection2_item1,13,4,4,0,,0,[],0,0,0,0,0,0,0,0,0,[],-1,1,0,[],9999,0,[0],item_getway_4009,,0
4010,蜜蜂琥珀,item_4010,item_des_4010,collection2_item2,13,4,4,0,,0,[],0,0,0,0,0,0,0,0,0,[],-1,1,0,[],9999,0,[0],item_getway_4010,,0
4011,蝴蝶琥珀,item_4011,item_des_4011,collection2_item3,13,4,4,0,,0,[],0,0,0,0,0,0,0,0,0,[],-1,1,0,[],9999,0,[0],item_getway_4011,,0
4012,树叶琥珀,item_4012,item_des_4012,collection2_item4,13,4,4,0,,0,[],0,0,0,0,0,0,0,0,0,[],-1,1,0,[],9999,0,[0],item_getway_4012,,0
4013,鲜花琥珀,item_4013,item_des_4013,collection2_item5,13,4,4,0,,0,[],0,0,0,0,0,0,0,0,0,[],-1,1,0,[],9999,0,[0],item_getway_4013,,0
4014,帝王蝶,item_4014,item_des_4014,collection4_item1,13,4,4,0,,0,[],0,0,0,0,0,0,0,0,0,[],-1,1,0,[],9999,0,[0],item_getway_4014,,0
4015,长尾凤蝶,item_4015,item_des_4015,collection4_item2,13,4,4,0,,0,[],0,0,0,0,0,0,0,0,0,[],-1,1,0,[],9999,0,[0],item_getway_4015,,0
4016,光明女神蝶,item_4016,item_des_4016,collection4_item3,13,4,4,0,,0,[],0,0,0,0,0,0,0,0,0,[],-1,1,0,[],9999,0,[0],item_getway_4016,,0
4017,阴阳蝶,item_4017,item_des_4017,collection4_item4,13,4,4,0,,0,[],0,0,0,0,0,0,0,0,0,[],-1,1,0,[],9999,0,[0],item_getway_4017,,0
4018,玫瑰水晶眼蝶,item_4018,item_des_4018,collection4_item5,13,4,4,0,,0,[],0,0,0,0,0,0,0,0,0,[],-1,1,0,[],9999,0,[0],item_getway_4018,,0
4019,祭司圣铃,item_4019,item_des_4019,collection8_item1,13,4,4,0,,0,[],0,0,0,0,0,0,0,0,0,[],-1,1,0,[],9999,0,[0],item_getway_4019,,0
4020,祭司面具,item_4020,item_des_4020,collection8_item2,13,4,4,0,,0,[],0,0,0,0,0,0,0,0,0,[],-1,1,0,[],9999,0,[0],item_getway_4020,,0
4021,祭司项链,item_4021,item_des_4021,collection8_item3,13,4,4,0,,0,[],0,0,0,0,0,0,0,0,0,[],-1,1,0,[],9999,0,[0],item_getway_4021,,0
4022,祭司戒指,item_4022,item_des_4022,collection8_item4,13,4,4,0,,0,[],0,0,0,0,0,0,0,0,0,[],-1,1,0,[],9999,0,[0],item_getway_4022,,0
4023,祭司法杖,item_4023,item_des_4023,collection8_item5,13,4,4,0,,0,[],0,0,0,0,0,0,0,0,0,[],-1,1,0,[],9999,0,[0],item_getway_4023,,0
4024,彩鳞片,item_4024,item_des_4024,collection3_item1,13,4,4,0,,0,[],0,0,0,0,0,0,0,0,0,[],-1,1,0,[],9999,0,[0],item_getway_4024,,0
4025,红鳞片,item_4025,item_des_4025,collection3_item2,13,4,4,0,,0,[],0,0,0,0,0,0,0,0,0,[],-1,1,0,[],9999,0,[0],item_getway_4025,,0
4026,绿鳞片,item_4026,item_des_4026,collection3_item3,13,4,4,0,,0,[],0,0,0,0,0,0,0,0,0,[],-1,1,0,[],9999,0,[0],item_getway_4026,,0
4027,黄鳞片,item_4027,item_des_4027,collection3_item4,13,4,4,0,,0,[],0,0,0,0,0,0,0,0,0,[],-1,1,0,[],9999,0,[0],item_getway_4027,,0
4028,紫鳞片,item_4028,item_des_4028,collection3_item5,13,4,4,0,,0,[],0,0,0,0,0,0,0,0,0,[],-1,1,0,[],9999,0,[0],item_getway_4028,,0
4029,燧石,item_4029,item_des_4029,collection7_item1,13,4,4,0,,0,[],0,0,0,0,0,0,0,0,0,[],-1,1,0,[],9999,0,[0],item_getway_4029,,0
4030,箭羽,item_4030,item_des_4030,collection7_item2,13,4,4,0,,0,[],0,0,0,0,0,0,0,0,0,[],-1,1,0,[],9999,0,[0],item_getway_4030,,0
4031,手灯,item_4031,item_des_4031,collection7_item3,13,4,4,0,,0,[],0,0,0,0,0,0,0,0,0,[],-1,1,0,[],9999,0,[0],item_getway_4031,,0
4032,盾牌,item_4032,item_des_4032,collection7_item4,13,4,4,0,,0,[],0,0,0,0,0,0,0,0,0,[],-1,1,0,[],9999,0,[0],item_getway_4032,,0
4033,绳索,item_4033,item_des_4033,collection7_item5,13,4,4,0,,0,[],0,0,0,0,0,0,0,0,0,[],-1,1,0,[],9999,0,[0],item_getway_4033,,0
4034,水晶头骨,item_4034,item_des_4034,collection6_item1,13,4,4,0,,0,[],0,0,0,0,0,0,0,0,0,[],-1,1,0,[],9999,0,[0],item_getway_4034,,0
4035,符文石碑,item_4035,item_des_4035,collection6_item2,13,4,4,0,,0,[],0,0,0,0,0,0,0,0,0,[],-1,1,0,[],9999,0,[0],item_getway_4035,,0
4036,龙爪,item_4036,item_des_4036,collection6_item3,13,4,4,0,,0,[],0,0,0,0,0,0,0,0,0,[],-1,1,0,[],9999,0,[0],item_getway_4036,,0
4037,灵龛,item_4037,item_des_4037,collection6_item4,13,4,4,0,,0,[],0,0,0,0,0,0,0,0,0,[],-1,1,0,[],9999,0,[0],item_getway_4037,,0
4038,神秘骨角,item_4038,item_des_4038,collection6_item5,13,4,4,0,,0,[],0,0,0,0,0,0,0,0,0,[],-1,1,0,[],9999,0,[0],item_getway_4038,,0
4039,珍珠,item_4039,item_des_4039,collection5_item1,13,4,4,0,,0,[],0,0,0,0,0,0,0,0,0,[],-1,1,0,[],9999,0,[0],item_getway_4039,,0
4040,珊瑚,item_4040,item_des_4040,collection5_item2,13,4,4,0,,0,[],0,0,0,0,0,0,0,0,0,[],-1,1,0,[],9999,0,[0],item_getway_4040,,0
4041,水母,item_4041,item_des_4041,collection5_item3,13,4,4,0,,0,[],0,0,0,0,0,0,0,0,0,[],-1,1,0,[],9999,0,[0],item_getway_4041,,0
4042,海马,item_4042,item_des_4042,collection5_item4,13,4,4,0,,0,[],0,0,0,0,0,0,0,0,0,[],-1,1,0,[],9999,0,[0],item_getway_4042,,0
4043,鱼,item_4043,item_des_4043,collection5_item5,13,4,4,0,,0,[],0,0,0,0,0,0,0,0,0,[],-1,1,0,[],9999,0,[0],item_getway_4043,,0
4044,红色浆果,item_4044,item_des_4044,item_story_redfruit,13,4,4,0,,0,[],0,0,0,0,0,0,0,0,0,[],-1,1,0,[],9999,0,[0],item_getway_4044,,0
4045,金币,item_4045,item_des_4045,icon_gold,13,3,4,0,,0,[],0,0,0,0,0,0,0,0,0,[],-1,1,0,[],9999,0,[0],item_getway_4045,,0
4046,龙晶,item_4046,item_des_4046,item_story_dragonstone,13,3,3,0,,0,"[[4003,3]]",0,60,0,0,0,0,0,0,0,[],-1,1,0,[],9999,0,[0],item_getway_4046,,0
4047,金色鳞片,item_4047,item_des_4047,item_story_goldscale,13,3,4,0,,0,[],0,0,0,0,0,0,0,0,0,[],-1,1,0,[],9999,0,[0],item_getway_4047,,0
4048,能量符石,item_4048,item_des_4048,item_story_shiningflint,13,3,4,0,,0,[],0,0,0,1,0,0,0,0,0,[],-1,1,0,[],9999,0,[0],item_getway_4048,3,0
4049,黑色鳞片,item_4049,item_des_4049,item_story_blackscale,13,3,4,0,,0,[],0,0,0,0,0,10,0,0,0,[],-1,1,0,[],9999,0,[0],item_getway_4049,3,0
4050,龙牙草,item_4050,item_des_4050,item_story_dragongrass,13,3,4,0,,0,[],0,0,0,0,0,0,0,0,0,[],-1,1,0,[],9999,0,[0],item_getway_4050,,0
4051,天然冰晶,item_4051,item_des_4051,item_story_naturalice,13,3,4,0,,0,[],0,0,0,0,0,0,0,0,0,[],-1,1,0,[],9999,0,[0],item_getway_4051,,0
4052,火焰,item_4052,item_des_4052,item_huomiao,13,3,4,0,,0,[],0,0,0,0,0,10,0,0,0,[],-1,1,0,[],9999,0,[0],item_getway_4052,3,0
4053,海蓝珠,item_4053,item_des_4053,item_story11_firewater,13,3,3,0,,0,"[[4051,3]]",0,60,0,0,0,0,0,0,0,[],-1,1,0,[],9999,0,[0],item_getway_4053,,0
4054,蓝色花瓣,item_4054,item_des_4054,item_story_bluepetal,13,3,4,0,,0,[],0,0,0,0,0,0,0,0,0,[],-1,1,0,[],9999,0,[0],item_getway_4054,,0
4055,粉色花瓣,item_4055,item_des_4055,item_story_pinkpetal,13,3,4,0,,0,[],0,0,0,0,0,0,0,0,0,[],-1,1,0,[],9999,0,[0],item_getway_4055,,0
4056,红色花瓣,item_4056,item_des_4056,item_story_redpetal,13,3,4,0,,0,[],0,0,0,0,0,0,0,0,0,[],-1,1,0,[],9999,0,[0],item_getway_4056,,0
4057,黄色花瓣,item_4057,item_des_4057,item_story_yellowpetal,13,3,4,0,,0,[],0,0,0,0,0,0,0,0,0,[],-1,1,0,[],9999,0,[0],item_getway_4057,,0
4058,绣球花,item_4058,item_des_4058,item_story_ballflower,13,3,4,0,,0,[],0,0,0,0,0,0,0,0,0,[],-1,1,0,[],9999,0,[0],item_getway_4058,,0
4059,太阳花,item_4059,item_des_4059,item_story_sunflower,13,3,4,0,,0,[],0,0,0,0,0,0,0,0,0,[],-1,1,0,[],9999,0,[0],item_getway_4059,,0
4060,星辰花,item_4060,item_des_4060,item_story_starflower,13,3,4,0,,0,[],0,0,0,0,0,0,0,0,0,[],-1,1,0,[],9999,0,[0],item_getway_4060,,0
4061,绣球花束,item_4061,item_des_4061,item_story_ballflowerbouquet,13,3,3,0,,0,"[[4058,6]]",0,60,0,0,0,0,0,0,0,[],-1,1,0,[],9999,0,[0],item_getway_4061,,0
4062,太阳花束,item_4062,item_des_4062,item_story_sunflowerbouquet,13,3,3,0,,0,"[[4059,6]]",0,60,0,0,0,0,0,0,0,[],-1,1,0,[],9999,0,[0],item_getway_4062,,0
4063,星辰花束,item_4063,item_des_4063,item_story_starflowerbouquet,13,3,3,0,,0,"[[4060,6]]",0,60,0,0,0,0,0,0,0,[],-1,1,0,[],9999,0,[0],item_getway_4063,,0
4064,发光花瓣,item_4064,item_des_4064,item_story_shiningpetal,13,3,4,0,,0,[],0,0,0,0,0,0,0,0,0,[],-1,1,0,[],9999,0,[0],item_getway_4064,,0
4065,树灵之泪,item_4065,item_des_4065,item_story_treespirit,13,3,4,0,,0,[],0,0,0,0,0,0,0,0,0,[],-1,1,0,[],9999,0,[0],item_getway_4065,,0
4066,草溟晶,item_4066,item_des_4066,item_story_grasscrystle,13,3,4,0,,0,[],0,0,0,0,0,0,0,0,0,[],-1,1,0,[],9999,0,[0],item_getway_4066,,0
4067,双生果,item_4067,item_des_4067,item_story_twinfruit,13,3,3,0,,0,"[[4066,2]]",0,90,0,0,0,0,0,0,0,[],-1,1,0,[],9999,0,[0],item_getway_4067,,0
4068,五彩宝石,item_4068,item_des_4068,item_story_colorfulgem,13,3,4,0,,0,[],0,0,0,0,0,0,0,0,0,[],-1,1,0,[],9999,0,[0],item_getway_4068,,0
4069,新鲜牛奶,item_4069,item_des_4069,item_story_freshmilk,13,3,4,0,,0,[],0,0,0,0,0,0,0,0,0,[],-1,1,0,[],9999,0,[0],item_getway_4069,,0
4070,新鲜牛奶,item_4069,item_des_4069,item_story_freshmilk,13,3,4,0,,0,[],0,0,0,0,0,0,0,0,0,[],-1,1,0,[],9999,0,[0],item_getway_4069,,0
4071,金银花,item_4071,item_des_4071,item_story4_honeysuckle,13,3,4,0,,0,[],0,0,0,0,0,0,0,0,0,[],-1,1,0,[],9999,0,[0],item_getway_4071,,0
4072,热茶,item_4072,item_des_4072,item_story4_hottea,13,3,3,0,,0,"[[4071,3]]",0,90,0,0,0,0,0,0,0,[],-1,1,0,[],9999,0,[0],item_getway_4072,,0
4073,雪绒花,item_4073,item_des_4073,item_story4_edelweiss,13,3,4,0,,0,[],0,0,0,1,0,0,0,0,0,[],-1,0,0,[],9999,0,[0],item_getway_4073,5,0
4074,科研仪器零件,item_4074,item_des_4074,item_story4_component,13,3,4,0,,0,[],0,0,0,0,0,0,0,0,0,[],-1,1,0,[],9999,0,[0],item_getway_4074,,0
4075,生物标本,item_4075,item_des_4075,item_story4_sample,13,3,4,0,,0,[],0,0,0,0,0,0,0,0,0,[],-1,1,0,[],9999,0,[0],item_getway_4075,,0
4076,冷冻装置碎片,item_4076,item_des_4076,item_story4_equipment,13,3,4,0,,0,[],0,0,0,0,0,0,0,0,0,[],-1,1,0,[],9999,0,[0],item_getway_4076,,0
4077,科研手册,item_4077,item_des_4077,item_story4_paperroll,13,3,4,0,,0,[],0,0,0,0,0,10,0,0,0,[],-1,1,0,[],9999,0,[0],item_getway_4077,5,0
4078,荒漠沙棘,item_4078,item_des_4078,item_story6_seabuckthorn,13,3,4,0,,0,[],0,0,0,0,0,0,0,0,0,[],-1,1,0,[],9999,0,[0],item_getway_4078,,0
4079,法老石棺,item_4079,item_des_4079,item_story6_sarcophagus,13,3,4,0,,0,[],0,0,0,0,0,0,0,0,0,[],-1,1,0,[],9999,0,[0],item_getway_4079,,0
4080,机关石,item_4080,item_des_4080,item_story6_magicstone,13,3,4,0,,0,[],0,0,0,0,0,0,0,0,0,[],-1,1,0,[],9999,0,[0],item_getway_4080,,0
4081,陨铁,item_4081,item_des_4081,item_story6_siderite,13,3,4,0,,0,[],0,0,0,0,0,0,0,0,0,[],-1,1,0,[],9999,0,[0],item_getway_4081,,0
4082,“赛特之骨”,item_4082,item_des_4082,item_story6_bonesofgod,13,3,3,0,,0,"[[4081,4]]",0,180,0,0,0,0,0,0,0,[],-1,1,0,[],9999,0,[0],item_getway_4082,,0
4083,全视之宝石,item_4083,item_des_4083,item_story6_eyeofHorus,13,3,4,0,,0,[],0,0,0,0,0,0,0,0,0,[],-1,1,0,[],9999,0,[0],item_getway_4083,,0
4084,石窟钥匙,item_4084,item_des_4084,item_story6_key,13,3,4,0,,0,[],0,0,0,0,0,0,0,0,0,[],-1,1,0,[],9999,0,[0],item_getway_4084,,0
4085,金沙,item_4085,item_des_4085,item_story6_goldsand,13,3,4,0,,0,[],0,0,0,5,0,0,0,0,0,[],-1,1,0,[],9999,0,[0],item_getway_4085,6,0
4086,记号石,item_4086,item_des_4086,item_story6_stone,13,3,4,0,,0,[],0,0,0,0,0,10,0,0,0,[],-1,1,0,[],9999,0,[0],item_getway_4086,6,0
4087,荧光菇,item_4087,item_des_4087,item_story7_glowmushroom,13,3,4,0,,0,[],0,0,0,0,0,0,0,0,0,[],-1,1,0,[],9999,0,[0],item_getway_4087,,0
4088,破损头颅,item_4088,item_des_4088,item_story7_brokenstatuehead,13,3,4,0,,0,[],0,0,0,0,0,0,0,0,0,[],-1,1,0,[],9999,0,[0],item_getway_4088,,0
4089,破损翅膀,item_4089,item_des_4089,item_story7_brokenstatuewings,13,3,4,0,,0,[],0,0,0,0,0,0,0,0,0,[],-1,1,0,[],9999,0,[0],item_getway_4089,,0
4090,接骨草,item_4090,item_des_4090,item_story7_elderflower,13,3,4,0,,0,[],0,0,0,0,0,0,0,0,0,[],-1,1,0,[],9999,0,[0],item_getway_4090,,0
4091,破损的能量传输器碎片,item_4091,item_des_4091,item_story7_energychip,13,3,21,0,,0,[],0,0,0,0,0,0,0,0,0,[],-1,1,0,[],9999,0,[0],item_getway_4091,,0
4092,通讯器,item_4092,item_des_4092,item_story7_tongxunqi,13,3,4,0,,0,[],0,0,0,0,0,10,0,0,0,[],-1,1,0,[],9999,0,[0],item_getway_4092,7,0
4093,破损的能量传输器碎片,item_4091,item_des_4091,item_story7_energychip,13,3,21,0,,0,[],0,0,0,0,0,0,0,0,0,[],-1,1,0,[],9999,0,[0],item_getway_4091,,0
4094,壁画碎片,item_4094,item_des_4094,item_story8_brokenmuralfragments,13,3,4,0,,0,[],0,0,0,0,0,0,0,0,0,[],-1,1,0,[],9999,0,[0],item_getway_4094,,0
4095,笔记碎片,item_4095,item_des_4095,item_story8_notefragments,13,3,4,0,,0,[],0,0,0,0,0,0,0,0,0,[],-1,1,0,[],9999,0,[0],item_getway_4095,,0
4096,研究报告,item_4096,item_des_4096,item_story4_paperroll,13,3,3,0,,0,"[[4095,8]]",0,300,0,0,0,10,0,0,0,[],-1,1,0,[],9999,0,[0],item_getway_4096,8,0
4097,芦荟,item_4097,item_des_4097,item_story8_aloe,13,3,4,0,,0,[],0,0,0,1,0,0,0,0,0,[],-1,1,0,[],9999,0,[0],item_getway_4097,8,0
4098,干净的水,item_4098,item_des_4098,item_story8_water,13,3,3,0,,0,"[[4097,5]]",0,180,0,0,0,0,0,0,0,[],-1,1,0,[],9999,0,[0],item_getway_4098,,0
4099,蒲公英,item_4099,item_des_4099,item_story8_dandelion,13,3,4,0,,0,[],0,0,0,1,0,0,0,0,0,[],-1,1,0,[],9999,0,[0],item_getway_4099,8,0
4100,龙晶,item_4100,item_des_4100,item_story_dragonstone,13,3,4,0,,0,[],0,0,0,0,0,0,0,0,0,[],-1,1,0,[],9999,0,[0],item_getway_4100,,0
4101,仪器零件,item_4101,item_des_4101,item_story4_component,13,3,4,0,,0,[],0,0,0,0,0,0,0,0,0,[],-1,1,0,[],9999,0,[0],item_getway_4101,,0
4102,绳索,item_4002,item_desc_4002,item_story_hemprope,13,3,4,0,,0,[],0,0,0,0,0,0,0,0,0,[],-1,1,0,[],9999,0,[0],item_getway_4001,,0
4105,船锚,item_4105,item_des_4105,item_story9_anchor,13,3,4,0,,0,[],0,0,0,0,0,0,0,0,0,[],-1,1,0,[],9999,0,[0],item_getway_4105,,0
4106,引光砂,item_4106,item_des_4106,item_story9_ledlightsand,13,3,3,0,,0,"[[4111,2]]",0,180,0,0,0,0,0,0,0,[],-1,1,0,[],9999,0,[0],item_getway_4106,,0
4107,望远镜,item_4107,item_des_4107,item_story9_telescope,13,3,4,0,,0,[],0,0,0,0,0,0,0,0,0,[],-1,1,0,[],9999,0,[0],item_getway_4107,,0
4108,浮石・星星,item_4108,item_des_4108,item_story9_starstone,13,3,4,0,,0,[],0,0,0,0,0,0,0,0,0,[],-1,1,0,[],9999,0,[0],item_getway_4108,,0
4109,浮石・月亮,item_4109,item_des_4109,item_story9_moonstone,13,3,4,0,,0,[],0,0,0,0,0,0,0,0,0,[],-1,1,0,[],9999,0,[0],item_getway_4109,,0
4110,浮石・太阳,item_4110,item_des_4110,item_story9_sunstone,13,3,4,0,,0,[],0,0,0,0,0,0,0,0,0,[],-1,1,0,[],9999,0,[0],item_getway_4110,,0
4111,骨磷石,item_4111,item_des_4111,item_story9_bonestone,13,3,4,0,,0,[],0,0,0,0,0,0,0,0,0,[],-1,1,0,[],9999,0,[0],item_getway_4111,,0
4112,椰子,item_4112,item_des_4112,item_story10_coconut,13,3,4,0,,0,[],0,0,0,1,0,0,0,0,0,[],-1,1,0,[],9999,0,[0],item_getway_4112,10,0
4113,香蕉（农田产）,item_4113,item_des_4113,item_story10_banana,13,3,4,0,,0,[],0,0,0,1,0,0,0,0,0,[],-1,1,0,[],9999,0,[0],item_getway_4113,10,0
4114,图腾刻纹,item_4114,item_des_4114,item_story10_totempiece,13,3,4,0,,0,[],0,0,0,0,0,0,0,0,0,[],-1,1,0,[],9999,0,[0],item_getway_4114,,0
4115,未知源能（图腾产）,item_4115,item_des_4115,item_story10_unknowenergy,13,3,21,0,,0,[],0,0,0,0,0,0,0,0,0,[],-1,1,0,[],9999,0,[0],item_getway_4115,,0
4116,图腾圣石,item_4116,item_des_4116,item_story10_totemstone,13,3,4,0,,0,[],0,0,0,0,0,10,0,0,0,[],-1,1,0,[],9999,0,[0],item_getway_4116,10,0
4117,泥土之痕（废弃）,item_4117,item_des_4117,item_story10_wildfire,13,3,4,0,,0,[],0,0,0,0,0,0,0,0,0,[],-1,1,0,[],9999,0,[0],item_getway_4117,,0
4118,野火,item_4118,item_des_4118,item_story10_wildfire,13,3,4,0,,0,[],0,0,0,0,0,0,0,0,0,[],-1,1,0,[],9999,0,[0],item_getway_4118,,0
4121,火龙骨,item_4121,item_des_4121,item_story11_firedragonbone,13,3,4,0,,0,[],0,0,0,1,0,0,0,0,0,[],-1,1,0,[],9999,0,[0],item_getway_4121,11,0
4122,地火晶,item_4122,item_des_4122,item_story11_firecrystal,13,3,4,0,,0,[],0,0,0,0,0,0,0,0,0,[],-1,1,0,[],9999,0,[0],item_getway_4122,,0
4123,火石,item_4123,item_des_4123,item_story11_firestone,13,3,4,0,,0,[],0,0,0,0,0,0,0,0,0,[],-1,1,0,[],9999,0,[0],item_getway_4123,,0
4124,流纹岩,item_4124,item_des_4124,item_story11_rhyolite,13,3,4,0,,0,[],0,0,0,0,0,0,0,0,0,[],-1,1,0,[],9999,0,[0],item_getway_4124,,0
4125,龙眼石,item_4125,item_des_4125,item_story11_dragoneyes,13,3,4,0,,0,[],0,0,0,0,0,0,0,0,0,[],-1,1,0,[],9999,0,[0],item_getway_4125,,0
4126,熔岩花（农田产）,item_4126,item_des_4126,item_story11_rongyanhua,13,3,4,0,,0,[],0,0,0,1,0,0,0,0,0,[],-1,1,4,[1],9999,0,[4],item_getway_4126,11,0
4127,岩树种子（火树产）,item_4127,item_des_4127,item_story11_seedsoftree,13,3,3,0,,0,"[[4123,3]]",0,180,0,0,0,0,0,0,0,[],-1,1,0,[],9999,0,[0],item_getway_4127,,0
4128,浴火之泉（温泉产）,item_4128,item_des_4128,item_story11_firewater,13,3,3,0,,0,[],0,0,0,0,0,10,0,0,0,[],-1,1,0,[],9999,0,[0],item_getway_4128,11,0
4129,永燃之心,item_4129,item_des_4129,item_story11_burningHeart,13,3,4,0,,0,[],0,0,0,0,0,0,0,0,0,[],-1,1,0,[],9999,0,[0],item_getway_4129,,0
4130,火焰菇,item_4130,item_des_4130,item_story11_firemushrooms,13,3,4,0,,0,[],0,0,0,0,0,0,0,0,0,[],-1,1,0,[],9999,0,[0],item_getway_4130,,0
4131,坚实绳索,item_4131,item_des_4131,item_story_hemprope,13,3,4,0,,0,[],0,0,0,0,0,0,0,0,0,[],-1,1,0,[],9999,0,[0],item_getway_4131,,0
4132,奇异浆果（奶牛龙第一阶段）,item_4132,item_des_4132,item_story12_fruit,13,3,4,0,,0,[],0,0,0,0,0,0,0,0,0,[],-1,1,0,[],9999,0,[0],item_getway_4132,,0
4133,奇异浆果（银龙）,item_4133,item_des_4133,item_story12_fruit,13,3,4,0,,0,[],0,0,0,0,0,0,0,0,0,[],-1,1,0,[],9999,0,[0],item_getway_4133,,0
4134,彩色矿石,item_4134,item_des_4134,item_story12_colorfulstone,13,3,4,0,,0,[],0,0,0,0,0,0,0,0,0,[],-1,1,0,[],9999,0,[0],item_getway_4134,,0
4135,冰蓝矿石,item_4135,item_des_4135,item_story12_icedstone,13,3,4,0,,0,[],0,0,0,0,0,0,0,0,0,[],-1,1,0,[],9999,0,[0],item_getway_4135,,0
4136,棉毛团,item_4136,item_des_4136,item_story12_cottonball,13,3,4,0,,0,[],0,0,0,0,0,0,0,0,0,[],-1,1,0,[],9999,0,[0],item_getway_4136,,0
4137,碎裂龙骨,item_4137,item_des_4137,item_story12_dragonbone,13,3,4,0,,0,[],0,0,0,0,0,0,0,0,0,[],-1,1,0,[],9999,0,[0],item_getway_4137,,0
4138,附石藤蔓,item_4138,item_des_4138,item_story12_wine,13,3,4,0,,0,[],0,0,0,0,0,0,0,0,0,[],-1,1,0,[],9999,0,[0],item_getway_4138,,0
4139,奶牛龙试炼徽章,item_4139,item_des_4139,item_story12_milkdragonicon,13,3,3,0,,0,[],0,0,0,0,0,0,0,0,0,[],-1,1,0,[],9999,0,[0],item_getway_4139,12,0
4140,银龙试炼徽章,item_4140,item_des_4140,item_story12_silverdragonicon,13,3,4,0,,0,[],0,0,0,0,0,0,0,0,0,[],-1,1,0,[],9999,0,[0],item_getway_4140,,0
4141,绵羊龙试炼徽章,item_4141,item_des_4141,item_story12_wooldragonicon,13,3,4,0,,0,[],0,0,0,0,0,0,0,0,0,[],-1,1,0,[],9999,0,[0],item_getway_4141,,0
4142,真诚之心,item_4142,item_des_4142,item_story12_sincereheart,13,3,4,0,,0,[],0,0,0,0,0,0,0,0,0,[],-1,1,0,[],9999,0,[0],item_getway_4142,,0
4143,奇异浆果（奶牛龙第二阶段）,item_4143,item_des_4143,item_story12_fruit,13,3,4,0,,0,[],0,0,0,0,0,0,0,0,0,[],-1,1,4,[1],9999,0,"[4,0]",item_getway_4143,12,0
4144,银龙试炼徽章包,item_buildingbox1,item_buildingbox1,icon_dragonscene_box,,-1,26,0,,0,[],0,0,0,0,0,0,0,0,0,[],-1,1,14,"[[4140,1]]",999,-1,[-1],,,0
4145,绵羊龙试炼徽章包,item_buildingbox1,item_buildingbox1,icon_dragonscene_box,,-1,26,0,,0,[],0,0,0,0,0,0,0,0,0,[],-1,1,14,"[[4141,1]]",999,-1,[-1],,,0
4146,勇敢之力包,item_buildingbox1,item_buildingbox1,icon_dragonscene_box,,-1,26,0,,0,[],0,0,0,0,0,0,0,0,0,[],-1,1,14,"[[4142,1]]",999,-1,[-1],,,0
4147,姜饼人,item_4147,item_des_4147,item_christmas_gingerbread,13,3,4,0,,0,[],0,0,0,10,1,0,0,0,0,[],-1,1,19,[],99999,0,[0],item_getway_4147,21Christmas,0
4148,积雪,item_4148,item_des_4148,item_christmas_snowdrift,13,3,4,0,,0,[],0,0,0,0,0,0,10,0,0,[],-1,1,0,[],99999,0,[0],item_getway_4148,21Christmas,1
4149,大雪球,item_4149,item_des_4149,item_christmas_snowball,13,3,3,0,,0,"[[4148,10]]",0,180,0,0,0,0,10,0,0,[],-1,1,0,[],99999,0,[0],item_getway_4149,21Christmas,0
4150,彩球,item_4150,item_des_4150,item_christmas_balls,13,3,4,0,,0,[],0,0,0,10,0,0,0,0,0,[],-1,1,0,[],99999,0,[0],item_getway_4150,21Christmas,0
4151,帽子,item_4151,item_des_4151,item_christmas_snowmanhat,13,3,4,0,,0,[],0,0,0,0,0,0,10,0,0,[],-1,1,0,[],99999,0,[0],item_getway_4151,21Christmas,0
4152,围巾,item_4152,item_des_4152,item_christmas_bib,13,3,4,0,,0,[],0,0,0,0,0,0,10,0,0,[],-1,1,0,[],99999,0,[0],item_getway_4152,21Christmas,0
4153,铜钥匙,item_4153,item_des_4153,item_bronzekey,13,3,4,0,,0,[],0,0,0,10,0,0,0,0,0,[],-1,1,0,[],99999,0,[0],item_getway_4153,21Christmas,0
4154,银钥匙,item_4154,item_des_4154,item_silverkey,13,3,4,0,,0,[],0,0,0,10,0,0,0,0,0,[],-1,1,0,[],99999,0,[0],item_getway_4154,21Christmas,0
4155,金钥匙,item_4155,item_des_4155,item_goldkey,13,3,4,0,,0,[],0,0,0,10,0,0,0,0,0,[],-1,1,0,[],99999,0,[0],item_getway_4155,21Christmas,0
4160,芭蕉叶-场景1新增,item_4160,item_des_4160,item_story1_banana,13,3,4,0,,0,[],0,0,0,0,0,0,0,0,0,[],-1,1,0,[],9999,0,[0],item_getway_4160,,0
4161,柔软的绒毛-场景2新增,item_4161,item_des_4161,item_story2_fluff,13,3,4,0,,0,[],0,0,0,0,0,10,0,0,0,[],-1,1,0,[],9999,0,[0],item_getway_4161,3,0
4162,火把,item_4162,item_des_4162,item_huomiao,13,3,21,0,,0,[],0,0,0,0,0,10,0,0,0,[],-1,1,0,[],9999,0,[0],item_getway_4162,3,0
6002,金花朵龙1级,dragon_name_10011,dragon_name_des_102,dragon_egg2,,-1,6,0,,0,[],0,0,0,0,0,0,0,0,0,[],-1,1,2,[6002],9999,-1,[-1],,,0
6003,紫翼龙1级,dragon_name_10021,dragon_name_des_103,dragon_egg3,,-1,6,0,,0,[],0,0,0,0,0,0,0,0,0,[],-1,1,2,[6003],9999,-1,[-1],,,0
6004,黑翼龙1级,dragon_name_10031,dragon_name_des_104,dragon_egg4,,-1,6,0,,0,[],0,0,0,0,0,0,0,0,0,[],-1,1,2,[6004],9999,-1,[-1],,,0
6005, ,dragon_name_10041,dragon_name_des_105,dragon_egg1,,-1,6,0,,0,[],0,0,0,0,0,0,0,0,0,[],-1,1,2,[6005],9999,-1,[-1],,,0
6006,土球龙1级,dragon_name_10051,dragon_name_des_106,dragon_egg2,,-1,6,0,,0,[],0,0,0,0,0,0,0,0,0,[],-1,1,2,[6006],9999,-1,[-1],,,0
6007,火龙1级,dragon_name_10061,dragon_name_des_107,dragon_egg3,,-1,6,0,,0,[],0,0,0,0,0,0,0,0,0,[],-1,1,2,[6007],9999,-1,[-1],,,0
6008,冰龙1级,dragon_name_10071,dragon_name_des_108,dragon_egg4,,-1,6,0,,0,[],0,0,0,0,0,0,0,0,0,[],-1,1,2,[6008],9999,-1,[-1],,,0
6009,岩浆龙1级,dragon_name_10081,dragon_name_des_109,dragon_egg1,,-1,6,0,,0,[],0,0,0,0,0,0,0,0,0,[],-1,1,2,[6009],9999,-1,[-1],,,0
6010,蝶花龙1级,dragon_name_10091,dragon_name_des_110,dragon_egg2,,-1,6,0,,0,[],0,0,0,0,0,0,0,0,0,[],-1,1,2,[6010],9999,-1,[-1],,,0
6011,暗夜龙1级,dragon_name_10101,dragon_name_des_111,dragon_egg3,,-1,6,0,,0,[],0,0,0,0,0,0,0,0,0,[],-1,1,2,[6011],9999,-1,[-1],,,0
6012,奶花龙1级（临时替代模型）,dragon_name_10111,dragon_name_des_112,dragon_egg4,,-1,6,0,,0,[],0,0,0,0,0,0,0,0,0,[],-1,1,2,[6012],9999,-1,[-1],,,0
6013,玉米龙1级（临时替代模型）,dragon_name_10121,dragon_name_des_113,dragon_egg3,,-1,6,0,,0,[],0,0,0,0,0,0,0,0,0,[],-1,1,2,[6013],9999,-1,[-1],,,0
6014,麦龙1级（临时替代模型）,dragon_name_10131,dragon_name_des_114,dragon_egg4,,-1,6,0,,0,[],0,0,0,0,0,0,0,0,0,[],-1,1,2,[6014],9999,-1,[-1],,,0
7001,能量石碎片（小）,item_convertFactory_1_1,item_convertFactory_desc_1_1,item_convertFactory_1_1,13,4,7,0,,0,[],0,0,0,0,0,0,0,0,0,[],-1,1,4,[1],9999,0,[0],item_get_way_Obstacle,,0
7002,能量石碎片（中）,item_convertFactory_1_2,item_convertFactory_desc_1_2,item_convertFactory_1_2,13,4,7,0,,0,[],0,0,0,0,0,0,0,0,0,[],-1,1,4,[2],9999,0,[0],item_get_way_Obstacle,,0
7003,能量石碎片（大）,item_convertFactory_1_3,item_convertFactory_desc_1_3,item_convertFactory_1_3,13,4,7,0,,0,[],0,0,0,0,0,0,0,0,0,[],-1,1,4,[3],9999,0,[0],item_get_way_Obstacle,,0
7004,能量晶石,item_convertFactory_1_4,item_convertFactory_desc_1_4,item_convertFactory_1_4,13,4,7,0,,0,[],0,0,0,0,0,0,0,0,0,[],-1,1,4,[5],9999,0,[0],item_get_way_Obstacle,,0
7005,能量源石,item_convertFactory_1_5,item_convertFactory_desc_1_5,item_convertFactory_1_5,13,4,7,0,,0,[],0,0,0,0,0,0,0,0,0,[],-1,1,4,[10],9999,0,[0],item_get_way_Obstacle,,0
8001,商人兑换道具-1,item_exchange_1,item_exchange_desc_1,item_exchange_1,13,4,4,0,,0,[],0,0,0,0,0,0,0,0,0,[],-1,1,0,[],9999,0,[0],item_get_way_box,,0
8002,商人兑换道具-2,item_exchange_2,item_exchange_desc_2,item_exchange_2,13,4,4,0,,0,[],0,0,0,0,0,0,0,0,0,[],-1,1,0,[],9999,0,[0],item_get_way_box,,0
8003,商人兑换道具-3,item_exchange_3,item_exchange_desc_3,item_exchange_3,13,4,4,0,,0,[],0,0,0,0,0,0,0,0,0,[],-1,1,0,[],9999,0,[0],item_get_way_box,,0
8004,商人兑换道具-4,item_exchange_4,item_exchange_desc_4,item_exchange_4,13,4,4,0,,0,[],0,0,0,0,0,0,0,0,0,[],-1,1,0,[],9999,0,[0],item_get_way_box,,0
8005,商人兑换道具-5,item_exchange_5,item_exchange_desc_5,item_exchange_5,13,4,4,0,,0,[],0,0,0,0,0,0,0,0,0,[],-1,1,0,[],9999,0,[0],item_get_way_box,,0
8006,商人兑换道具-6,item_exchange_6,item_exchange_desc_6,item_exchange_6,13,4,4,0,,0,[],0,0,0,0,0,0,0,0,0,[],-1,1,0,[],9999,0,[0],item_get_way_box,,0
8007,商人兑换道具-7,item_exchange_7,item_exchange_desc_7,item_exchange_7,13,4,4,0,,0,[],0,0,0,0,0,0,0,0,0,[],-1,1,0,[],9999,0,[0],item_get_way_box,,0
8008,商人兑换道具-8,item_exchange_8,item_exchange_desc_8,item_exchange_8,13,4,4,0,,0,[],0,0,0,0,0,0,0,0,0,[],-1,1,0,[],9999,0,[0],item_get_way_box,,0
9001,探索场景体力材料-1,item_mapEnergy_material_1,item_mapEnergy_material_desc_1,item_outFactory_material_1,13,4,2,0,,0,[],0,0,0,0,0,0,0,0,0,[],-1,1,0,[],9999,0,[0],item_get_way_box,,0
9002,探索场景体力材料-2,item_mapEnergy_material_2,item_mapEnergy_material_desc_2,item_outFactory_material_2,13,4,2,0,,0,[],0,0,0,0,0,0,0,0,0,[],-1,1,0,[],9999,0,[0],item_get_way_box,,0
9003,探索场景体力材料-3,item_mapEnergy_material_3,item_mapEnergy_material_desc_3,item_outFactory_material_3,13,4,2,0,,0,[],0,0,0,0,0,0,0,0,0,[],-1,1,0,[],9999,0,[0],item_get_way_box,,0
10001,探索场景体力产物-1,item_mapEnergy_product_1,item_mapEnergy_product_desc_1,item_outFactory_product_1,1,-1,10,0,,0,"[[9001,3]]",0,60,0,0,0,0,0,0,0,[],-1,1,1,[25],-1,0,[0],,,0
10002,探索场景体力产物-2,item_mapEnergy_product_2,item_mapEnergy_product_desc_2,item_outFactory_product_2,1,-1,10,0,,0,"[[9002,3]]",0,60,0,0,0,0,0,0,0,[],-1,1,1,[25],-1,0,[0],,,0
10003,探索场景体力产物-3,item_mapEnergy_product_3,item_mapEnergy_product_desc_3,item_outFactory_product_3,1,-1,10,0,,0,"[[9003,3]]",0,60,0,0,0,0,0,0,0,[],-1,1,1,[25],-1,0,[0],,,0
10004,香肠,sausage,sausage,icon_sausage,1,-1,10,0,,0,[],0,0,0,0,0,0,0,0,0,[],-1,0,1,[5],-1,0,[0],item_get_way_box,,0
10005,肉罐头,canned,canned,icon_canned,1,-1,10,0,,0,[],0,0,0,0,0,0,0,0,0,[],-1,0,1,[8],-1,0,[0],item_get_way_box,,0
11001,炸弹,item_bomb,item_desc_bomb,bomb_1,19,-1,11,0,,0,[],0,0,0,0,0,0,0,0,0,[],-1,1,6,[2],-1,-1,[-1],,,0
13001,家园体力装置冷却道具-1,item_gear,item_gear_desc,item_gear,13,4,13,0,,0,[],0,0,0,0,0,0,0,0,0,[],-1,1,5,[0],9999,5,[5],,,0
14001,小麦龙1级,dragon_name_14001,dragon_desc_14001,dragon_wheat_lv1,,-1,14,0,,0,[],0,0,0,0,0,0,0,0,0,[],-1,0,7,[],99,-1,[-1],,,0
14002,小麦龙2级,dragon_name_14002,dragon_desc_14002,dragon_wheat_lv2,,-1,14,0,,0,[],0,0,0,0,0,0,0,0,0,[],-1,0,7,[],99,-1,[-1],,,0
14003,小麦龙3级,dragon_name_14003,dragon_desc_14003,dragon_wheat_lv3,,-1,14,0,,0,[],0,0,0,0,0,0,0,0,0,[],-1,0,7,[],99,-1,[-1],,,0
14004,小麦龙4级,dragon_name_14004,dragon_desc_14004,dragon_wheat_lv4,,-1,14,0,,0,[],0,0,0,0,0,0,0,0,0,[],-1,0,7,[],99,-1,[-1],,,0
14011,铜龙1级,dragon_name_14011,dragon_desc_14011,dragon_copper_lv1,,-1,14,0,,0,[],0,0,0,0,0,0,0,0,0,[],-1,0,7,[],99,-1,[-1],,,0
14012,铜龙2级,dragon_name_14012,dragon_desc_14012,dragon_copper_lv2,,-1,14,0,,0,[],0,0,0,0,0,0,0,0,0,[],-1,0,7,[],99,-1,[-1],,,0
14013,铜龙3级,dragon_name_14013,dragon_desc_14013,dragon_copper_lv3,,-1,14,0,,0,[],0,0,0,0,0,0,0,0,0,[],-1,0,7,[],99,-1,[-1],,,0
14014,铜龙4级,dragon_name_14014,dragon_desc_14014,dragon_copper_lv4,,-1,14,0,,0,[],0,0,0,0,0,0,0,0,0,[],-1,0,7,[],99,-1,[-1],,,0
14021,紫薯龙1级,dragon_name_14021,dragon_desc_14021,dragon_purple_lv1,,-1,14,0,,0,[],0,0,0,0,0,0,0,0,0,[],-1,0,7,[],99,-1,[-1],,,0
14022,紫薯龙2级,dragon_name_14022,dragon_desc_14022,dragon_purple_lv2,,-1,14,0,,0,[],0,0,0,0,0,0,0,0,0,[],-1,0,7,[],99,-1,[-1],,,0
14023,紫薯龙3级,dragon_name_14023,dragon_desc_14023,dragon_purple_lv3,,-1,14,0,,0,[],0,0,0,0,0,0,0,0,0,[],-1,0,7,[],99,-1,[-1],,,0
14024,紫薯龙4级,dragon_name_14024,dragon_desc_14024,dragon_purple_lv4,,-1,14,0,,0,[],0,0,0,0,0,0,0,0,0,[],-1,0,7,[],99,-1,[-1],,,0
14031,火龙1级,dragon_name_14031,dragon_desc_14031,dragon_fire_lv1,,-1,14,0,,0,[],0,0,0,0,0,0,0,0,0,[],-1,0,7,[],99,-1,[-1],,,0
14032,火龙2级,dragon_name_14032,dragon_desc_14032,dragon_fire_lv2,,-1,14,0,,0,[],0,0,0,0,0,0,0,0,0,[],-1,0,7,[],99,-1,[-1],,,0
14033,火龙3级,dragon_name_14033,dragon_desc_14033,dragon_fire_lv3,,-1,14,0,,0,[],0,0,0,0,0,0,0,0,0,[],-1,0,7,[],99,-1,[-1],,,0
14034,火龙4级,dragon_name_14034,dragon_desc_14034,dragon_fire_lv4,,-1,14,0,,0,[],0,0,0,0,0,0,0,0,0,[],-1,0,7,[],99,-1,[-1],,,0
14041,木叶龙1级,dragon_name_14041,dragon_desc_14041,dragon_woodLeaf_lv1,,-1,14,0,,0,[],0,0,0,0,0,0,0,0,0,[],-1,0,7,[],99,-1,[-1],,,0
14042,木叶龙2级,dragon_name_14042,dragon_desc_14042,dragon_woodLeaf_lv2,,-1,14,0,,0,[],0,0,0,0,0,0,0,0,0,[],-1,0,7,[],99,-1,[-1],,,0
14043,木叶龙3级,dragon_name_14043,dragon_desc_14043,dragon_woodLeaf_lv3,,-1,14,0,,0,[],0,0,0,0,0,0,0,0,0,[],-1,0,7,[],99,-1,[-1],,,0
14044,木叶龙4级,dragon_name_14044,dragon_desc_14044,dragon_woodLeaf_lv4,,-1,14,0,,0,[],0,0,0,0,0,0,0,0,0,[],-1,0,7,[],99,-1,[-1],,,0
14051,沙石龙1级,dragon_name_14051,dragon_desc_14051,dragon_argil_lv1,,-1,14,0,,0,[],0,0,0,0,0,0,0,0,0,[],-1,0,7,[],99,-1,[-1],,,0
14052,沙石龙2级,dragon_name_14052,dragon_desc_14052,dragon_argil_lv2,,-1,14,0,,0,[],0,0,0,0,0,0,0,0,0,[],-1,0,7,[],99,-1,[-1],,,0
14053,沙石龙3级,dragon_name_14053,dragon_desc_14053,dragon_argil_lv3,,-1,14,0,,0,[],0,0,0,0,0,0,0,0,0,[],-1,0,7,[],99,-1,[-1],,,0
14054,沙石龙4级,dragon_name_14054,dragon_desc_14054,dragon_argil_lv4,,-1,14,0,,0,[],0,0,0,0,0,0,0,0,0,[],-1,0,7,[],99,-1,[-1],,,0
14061,草莓龙1级,dragon_name_14061,dragon_desc_14061,dragon_strawberry_lv1,,-1,14,0,,0,[],0,0,0,0,0,0,0,0,0,[],-1,0,7,[],99,-1,[-1],,,0
14062,草莓龙2级,dragon_name_14062,dragon_desc_14062,dragon_strawberry_lv2,,-1,14,0,,0,[],0,0,0,0,0,0,0,0,0,[],-1,0,7,[],99,-1,[-1],,,0
14063,草莓龙3级,dragon_name_14063,dragon_desc_14063,dragon_strawberry_lv3,,-1,14,0,,0,[],0,0,0,0,0,0,0,0,0,[],-1,0,7,[],99,-1,[-1],,,0
14064,草莓龙4级,dragon_name_14064,dragon_desc_14064,dragon_strawberry_lv4,,-1,14,0,,0,[],0,0,0,0,0,0,0,0,0,[],-1,0,7,[],99,-1,[-1],,,0
14071,奶牛龙1级,dragon_name_14071,dragon_desc_14071,dragon_milk_lv1,,-1,14,0,,0,[],0,0,0,0,0,0,0,0,0,[],-1,0,7,[],99,-1,[-1],,,0
14072,奶牛龙2级,dragon_name_14072,dragon_desc_14072,dragon_milk_lv2,,-1,14,0,,0,[],0,0,0,0,0,0,0,0,0,[],-1,0,7,[],99,-1,[-1],,,0
14073,奶牛龙3级,dragon_name_14073,dragon_desc_14073,dragon_milk_lv3,,-1,14,0,,0,[],0,0,0,0,0,0,0,0,0,[],-1,0,7,[],99,-1,[-1],,,0
14074,奶牛龙4级,dragon_name_14074,dragon_desc_14074,dragon_milk_lv4,,-1,14,0,,0,[],0,0,0,0,0,0,0,0,0,[],-1,0,7,[],99,-1,[-1],,,0
14081,岩浆龙1级,dragon_name_14081,dragon_desc_14081,dragon_magma_lv1,,-1,14,0,,0,[],0,0,0,0,0,0,0,0,0,[],-1,0,7,[],99,-1,[-1],,,0
14082,岩浆龙2级,dragon_name_14082,dragon_desc_14082,dragon_magma_lv2,,-1,14,0,,0,[],0,0,0,0,0,0,0,0,0,[],-1,0,7,[],99,-1,[-1],,,0
14083,岩浆龙3级,dragon_name_14083,dragon_desc_14083,dragon_magma_lv3,,-1,14,0,,0,[],0,0,0,0,0,0,0,0,0,[],-1,0,7,[],99,-1,[-1],,,0
14084,岩浆龙4级,dragon_name_14084,dragon_desc_14084,dragon_magma_lv4,,-1,14,0,,0,[],0,0,0,0,0,0,0,0,0,[],-1,0,7,[],99,-1,[-1],,,0
14091,蜜蜂龙1级,dragon_name_14091,dragon_desc_14091,dragon_honey_lv1,,-1,14,0,,0,[],0,0,0,0,0,0,0,0,0,[],-1,0,7,[],99,-1,[-1],,,0
14092,蜜蜂龙2级,dragon_name_14092,dragon_desc_14092,dragon_honey_lv2,,-1,14,0,,0,[],0,0,0,0,0,0,0,0,0,[],-1,0,7,[],99,-1,[-1],,,0
14093,蜜蜂龙3级,dragon_name_14093,dragon_desc_14093,dragon_honey_lv3,,-1,14,0,,0,[],0,0,0,0,0,0,0,0,0,[],-1,0,7,[],99,-1,[-1],,,0
14094,蜜蜂龙4级,dragon_name_14094,dragon_desc_14094,dragon_honey_lv4,,-1,14,0,,0,[],0,0,0,0,0,0,0,0,0,[],-1,0,7,[],99,-1,[-1],,,0
14101,银龙1级,dragon_name_14101,dragon_desc_14101,dragon_silver_lv1,,-1,14,0,,0,[],0,0,0,0,0,0,0,0,0,[],-1,0,7,[],99,-1,[-1],,,0
14102,银龙2级,dragon_name_14102,dragon_desc_14102,dragon_silver_lv2,,-1,14,0,,0,[],0,0,0,0,0,0,0,0,0,[],-1,0,7,[],99,-1,[-1],,,0
14103,银龙3级,dragon_name_14103,dragon_desc_14103,dragon_silver_lv3,,-1,14,0,,0,[],0,0,0,0,0,0,0,0,0,[],-1,0,7,[],99,-1,[-1],,,0
14104,银龙4级,dragon_name_14104,dragon_desc_14104,dragon_silver_lv4,,-1,14,0,,0,[],0,0,0,0,0,0,0,0,0,[],-1,0,7,[],99,-1,[-1],,,0
14111,红宝石龙1级,dragon_name_14111,dragon_desc_14111,dragon_ruby_lv1,,-1,14,0,,0,[],0,0,0,0,0,0,0,0,0,[],-1,0,7,[],99,-1,[-1],,,0
14112,红宝石龙2级,dragon_name_14112,dragon_desc_14112,dragon_ruby_lv2,,-1,14,0,,0,[],0,0,0,0,0,0,0,0,0,[],-1,0,7,[],99,-1,[-1],,,0
14113,红宝石龙3级,dragon_name_14113,dragon_desc_14113,dragon_ruby_lv3,,-1,14,0,,0,[],0,0,0,0,0,0,0,0,0,[],-1,0,7,[],99,-1,[-1],,,0
14114,红宝石龙4级,dragon_name_14114,dragon_desc_14114,dragon_ruby_lv4,,-1,14,0,,0,[],0,0,0,0,0,0,0,0,0,[],-1,0,7,[],99,-1,[-1],,,0
14121,金龙1级,dragon_name_14121,dragon_desc_14121,dragon_gold_lv1,,-1,14,0,,0,[],0,0,0,0,0,0,0,0,0,[],-1,0,7,[],99,-1,[-1],,,0
14122,金龙2级,dragon_name_14122,dragon_desc_14122,dragon_gold_lv2,,-1,14,0,,0,[],0,0,0,0,0,0,0,0,0,[],-1,0,7,[],99,-1,[-1],,,0
14123,金龙3级,dragon_name_14123,dragon_desc_14123,dragon_gold_lv3,,-1,14,0,,0,[],0,0,0,0,0,0,0,0,0,[],-1,0,7,[],99,-1,[-1],,,0
14124,金龙4级,dragon_name_14124,dragon_desc_14124,dragon_gold_lv4,,-1,14,0,,0,[],0,0,0,0,0,0,0,0,0,[],-1,0,7,[],99,-1,[-1],,,0
14131,黏土龙1级,dragon_name_14131,dragon_desc_14131,dragon_clay_lv1,,-1,14,0,,0,[],0,0,0,0,0,0,0,0,0,[],-1,0,7,[],99,-1,[-1],,,0
14132,黏土龙2级,dragon_name_14132,dragon_desc_14132,dragon_clay_lv2,,-1,14,0,,0,[],0,0,0,0,0,0,0,0,0,[],-1,0,7,[],99,-1,[-1],,,0
14133,黏土龙3级,dragon_name_14133,dragon_desc_14133,dragon_clay_lv3,,-1,14,0,,0,[],0,0,0,0,0,0,0,0,0,[],-1,0,7,[],99,-1,[-1],,,0
14134,黏土龙4级,dragon_name_14134,dragon_desc_14134,dragon_clay_lv4,,-1,14,0,,0,[],0,0,0,0,0,0,0,0,0,[],-1,0,7,[],99,-1,[-1],,,0
14141,绵羊龙1级,dragon_name_14141,dragon_desc_14141,dragon_sh_lv1,,-1,14,0,,0,[],0,0,0,0,0,0,0,0,0,[],-1,0,7,[],99,-1,[-1],,,0
14142,绵羊龙2级,dragon_name_14142,dragon_desc_14142,dragon_sh_lv2,,-1,14,0,,0,[],0,0,0,0,0,0,0,0,0,[],-1,0,7,[],99,-1,[-1],,,0
14143,绵羊龙3级,dragon_name_14143,dragon_desc_14143,dragon_sh_lv3,,-1,14,0,,0,[],0,0,0,0,0,0,0,0,0,[],-1,0,7,[],99,-1,[-1],,,0
14144,绵羊龙4级,dragon_name_14144,dragon_desc_14144,dragon_sh_lv4,,-1,14,0,,0,[],0,0,0,0,0,0,0,0,0,[],-1,0,7,[],99,-1,[-1],,,0
14151,藤蔓龙1级,dragon_name_14151,dragon_desc_14151,dragon_cirrus_lv1,,-1,14,0,,0,[],0,0,0,0,0,0,0,0,0,[],-1,0,7,[],99,-1,[-1],,,0
14152,藤蔓龙2级,dragon_name_14152,dragon_desc_14152,dragon_cirrus_lv2,,-1,14,0,,0,[],0,0,0,0,0,0,0,0,0,[],-1,0,7,[],99,-1,[-1],,,0
14153,藤蔓龙3级,dragon_name_14153,dragon_desc_14153,dragon_cirrus_lv3,,-1,14,0,,0,[],0,0,0,0,0,0,0,0,0,[],-1,0,7,[],99,-1,[-1],,,0
14154,藤蔓龙4级,dragon_name_14154,dragon_desc_14154,dragon_cirrus_lv4,,-1,14,0,,0,[],0,0,0,0,0,0,0,0,0,[],-1,0,7,[],99,-1,[-1],,,0
14161,蓝莓龙1级,dragon_name_14161,dragon_desc_14161,dragon_blueberry_lv1,,-1,14,0,,0,[],0,0,0,0,0,0,0,0,0,[],-1,0,7,[],99,-1,[-1],,,0
14162,蓝莓龙2级,dragon_name_14162,dragon_desc_14162,dragon_blueberry_lv2,,-1,14,0,,0,[],0,0,0,0,0,0,0,0,0,[],-1,0,7,[],99,-1,[-1],,,0
14163,蓝莓龙3级,dragon_name_14163,dragon_desc_14163,dragon_blueberry_lv3,,-1,14,0,,0,[],0,0,0,0,0,0,0,0,0,[],-1,0,7,[],99,-1,[-1],,,0
14164,蓝莓龙4级,dragon_name_14164,dragon_desc_14164,dragon_blueberry_lv4,,-1,14,0,,0,[],0,0,0,0,0,0,0,0,0,[],-1,0,7,[],99,-1,[-1],,,0
14171,苹果龙1级,dragon_name_14171,dragon_desc_14171,dragon_apple_lv1,,-1,14,0,,0,[],0,0,0,0,0,0,0,0,0,[],-1,0,7,[],99,-1,[-1],,,0
14172,苹果龙2级,dragon_name_14172,dragon_desc_14172,dragon_apple_lv2,,-1,14,0,,0,[],0,0,0,0,0,0,0,0,0,[],-1,0,7,[],99,-1,[-1],,,0
14173,苹果龙3级,dragon_name_14173,dragon_desc_14173,dragon_apple_lv3,,-1,14,0,,0,[],0,0,0,0,0,0,0,0,0,[],-1,0,7,[],99,-1,[-1],,,0
14174,苹果龙4级,dragon_name_14174,dragon_desc_14174,dragon_apple_lv4,,-1,14,0,,0,[],0,0,0,0,0,0,0,0,0,[],-1,0,7,[],99,-1,[-1],,,0
14181,硬木龙1级,dragon_name_14181,dragon_desc_14181,dragon_hardwood_lv1,,-1,14,0,,0,[],0,0,0,0,0,0,0,0,0,[],-1,0,7,[],99,-1,[-1],,,0
14182,硬木龙2级,dragon_name_14182,dragon_desc_14182,dragon_hardwood_lv2,,-1,14,0,,0,[],0,0,0,0,0,0,0,0,0,[],-1,0,7,[],99,-1,[-1],,,0
14183,硬木龙3级,dragon_name_14183,dragon_desc_14183,dragon_hardwood_lv3,,-1,14,0,,0,[],0,0,0,0,0,0,0,0,0,[],-1,0,7,[],99,-1,[-1],,,0
14184,硬木龙4级,dragon_name_14184,dragon_desc_14184,dragon_hardwood_lv4,,-1,14,0,,0,[],0,0,0,0,0,0,0,0,0,[],-1,0,7,[],99,-1,[-1],,,0
14191,钻石龙1级,dragon_name_14191,dragon_desc_14191,dragon_diamond_lv1,,-1,14,0,,0,[],0,0,0,0,0,0,0,0,0,[],-1,0,7,[],99,-1,[-1],,,0
14192,钻石龙2级,dragon_name_14192,dragon_desc_14192,dragon_diamond_lv2,,-1,14,0,,0,[],0,0,0,0,0,0,0,0,0,[],-1,0,7,[],99,-1,[-1],,,0
14193,钻石龙3级,dragon_name_14193,dragon_desc_14193,dragon_diamond_lv3,,-1,14,0,,0,[],0,0,0,0,0,0,0,0,0,[],-1,0,7,[],99,-1,[-1],,,0
14194,钻石龙4级,dragon_name_14194,dragon_desc_14194,dragon_diamond_lv4,,-1,14,0,,0,[],0,0,0,0,0,0,0,0,0,[],-1,0,7,[],99,-1,[-1],,,0
14201,蓝宝石龙1级,dragon_name_14201,dragon_desc_14201,dragon_sapphire_lv1,,-1,14,0,,0,[],0,0,0,0,0,0,0,0,0,[],-1,0,7,[],99,-1,[-1],,,0
14202,蓝宝石龙2级,dragon_name_14202,dragon_desc_14202,dragon_sapphire_lv2,,-1,14,0,,0,[],0,0,0,0,0,0,0,0,0,[],-1,0,7,[],99,-1,[-1],,,0
14203,蓝宝石龙3级,dragon_name_14203,dragon_desc_14203,dragon_sapphire_lv3,,-1,14,0,,0,[],0,0,0,0,0,0,0,0,0,[],-1,0,7,[],99,-1,[-1],,,0
14204,蓝宝石龙4级,dragon_name_14204,dragon_desc_14204,dragon_sapphire_lv4,,-1,14,0,,0,[],0,0,0,0,0,0,0,0,0,[],-1,0,7,[],99,-1,[-1],,,0
14211,绿宝石龙1级,dragon_name_14211,dragon_desc_14211,dragon_emerald_lv1,,-1,14,0,,0,[],0,0,0,0,0,0,0,0,0,[],-1,0,7,[],99,-1,[-1],,,0
14212,绿宝石龙2级,dragon_name_14212,dragon_desc_14212,dragon_emerald_lv2,,-1,14,0,,0,[],0,0,0,0,0,0,0,0,0,[],-1,0,7,[],99,-1,[-1],,,0
14213,绿宝石龙3级,dragon_name_14213,dragon_desc_14213,dragon_emerald_lv3,,-1,14,0,,0,[],0,0,0,0,0,0,0,0,0,[],-1,0,7,[],99,-1,[-1],,,0
14214,绿宝石龙4级,dragon_name_14214,dragon_desc_14214,dragon_emerald_lv4,,-1,14,0,,0,[],0,0,0,0,0,0,0,0,0,[],-1,0,7,[],99,-1,[-1],,,0
141001,面粉龙1级,dragon_name_141001,dragon_desc_141001,dragon_flour_lv1,,-1,14,0,,0,[],0,0,0,0,0,0,0,0,0,[],-1,0,7,[],99,-1,[-1],,,0
141002,面粉龙2级,dragon_name_141002,dragon_desc_141002,dragon_flour_lv2,,-1,14,0,,0,[],0,0,0,0,0,0,0,0,0,[],-1,0,7,[],99,-1,[-1],,,0
141003,面粉龙3级,dragon_name_141003,dragon_desc_141003,dragon_flour_lv3,,-1,14,0,,0,[],0,0,0,0,0,0,0,0,0,[],-1,0,7,[],99,-1,[-1],,,0
141004,面粉龙4级,dragon_name_141004,dragon_desc_141004,dragon_flour_lv4,,-1,14,0,,0,[],0,0,0,0,0,0,0,0,0,[],-1,0,7,[],99,-1,[-1],,,0
141011,铜锭龙1级,dragon_name_141011,dragon_desc_141011,dragon_copperIngot_lv1,,-1,14,0,,0,[],0,0,0,0,0,0,0,0,0,[],-1,0,7,[],99,-1,[-1],,,0
141012,铜锭龙2级,dragon_name_141012,dragon_desc_141012,dragon_copperIngot_lv2,,-1,14,0,,0,[],0,0,0,0,0,0,0,0,0,[],-1,0,7,[],99,-1,[-1],,,0
141013,铜锭龙3级,dragon_name_141013,dragon_desc_141013,dragon_copperIngot_lv3,,-1,14,0,,0,[],0,0,0,0,0,0,0,0,0,[],-1,0,7,[],99,-1,[-1],,,0
141014,铜锭龙4级,dragon_name_141014,dragon_desc_141014,dragon_copperIngot_lv4,,-1,14,0,,0,[],0,0,0,0,0,0,0,0,0,[],-1,0,7,[],99,-1,[-1],,,0
141021,奶油龙1级,dragon_name_141021,dragon_desc_141021,dragon_cream_lv1,,-1,14,0,,0,[],0,0,0,0,0,0,0,0,0,[],-1,0,7,[],99,-1,[-1],,,0
141022,奶油龙2级,dragon_name_141022,dragon_desc_141022,dragon_cream_lv2,,-1,14,0,,0,[],0,0,0,0,0,0,0,0,0,[],-1,0,7,[],99,-1,[-1],,,0
141023,奶油龙3级,dragon_name_141023,dragon_desc_141023,dragon_cream_lv3,,-1,14,0,,0,[],0,0,0,0,0,0,0,0,0,[],-1,0,7,[],99,-1,[-1],,,0
141024,奶油龙4级,dragon_name_141024,dragon_desc_141024,dragon_cream_lv4,,-1,14,0,,0,[],0,0,0,0,0,0,0,0,0,[],-1,0,7,[],99,-1,[-1],,,0
141031,面团龙1级,dragon_name_141031,dragon_desc_141031,dragon_dough_lv1,,-1,14,0,,0,[],0,0,0,0,0,0,0,0,0,[],-1,0,7,[],99,-1,[-1],,,0
141032,面团龙2级,dragon_name_141032,dragon_desc_141032,dragon_dough_lv2,,-1,14,0,,0,[],0,0,0,0,0,0,0,0,0,[],-1,0,7,[],99,-1,[-1],,,0
141033,面团龙3级,dragon_name_141033,dragon_desc_141033,dragon_dough_lv3,,-1,14,0,,0,[],0,0,0,0,0,0,0,0,0,[],-1,0,7,[],99,-1,[-1],,,0
141034,面团龙4级,dragon_name_141034,dragon_desc_141034,dragon_dough_lv4,,-1,14,0,,0,[],0,0,0,0,0,0,0,0,0,[],-1,0,7,[],99,-1,[-1],,,0
141041,大理石龙1级,dragon_name_141041,dragon_desc_141041,dragon_marble_lv1,,-1,14,0,,0,[],0,0,0,0,0,0,0,0,0,[],-1,0,7,[],99,-1,[-1],,,0
141042,大理石龙2级,dragon_name_141042,dragon_desc_141042,dragon_marble_lv2,,-1,14,0,,0,[],0,0,0,0,0,0,0,0,0,[],-1,0,7,[],99,-1,[-1],,,0
141043,大理石龙3级,dragon_name_141043,dragon_desc_141043,dragon_marble_lv3,,-1,14,0,,0,[],0,0,0,0,0,0,0,0,0,[],-1,0,7,[],99,-1,[-1],,,0
141044,大理石龙4级,dragon_name_141044,dragon_desc_141044,dragon_marble_lv4,,-1,14,0,,0,[],0,0,0,0,0,0,0,0,0,[],-1,0,7,[],99,-1,[-1],,,0
141051,糖果龙1级,dragon_name_141051,dragon_desc_141051,dragon_candies_lv1,,-1,14,0,,0,[],0,0,0,0,0,0,0,0,0,[],-1,0,7,[],99,-1,[-1],,,0
141052,糖果龙2级,dragon_name_141052,dragon_desc_141052,dragon_candies_lv2,,-1,14,0,,0,[],0,0,0,0,0,0,0,0,0,[],-1,0,7,[],99,-1,[-1],,,0
141053,糖果龙3级,dragon_name_141053,dragon_desc_141053,dragon_candies_lv3,,-1,14,0,,0,[],0,0,0,0,0,0,0,0,0,[],-1,0,7,[],99,-1,[-1],,,0
141054,糖果龙4级,dragon_name_141054,dragon_desc_141054,dragon_candies_lv4,,-1,14,0,,0,[],0,0,0,0,0,0,0,0,0,[],-1,0,7,[],99,-1,[-1],,,0
15000,肥料,item_fertilizer,item_desc_fertilizer,item_fertilizer,13,4,15,0,,0,[],0,0,0,0,0,0,0,0,0,[],-1,1,0,[],-1,5,[5],,,0
15001,龙探索获得的钥匙,dragon_key_1,dragon_key_1_desc,dragon_key_1,13,4,17,0,,0,[],0,0,0,0,0,0,0,0,0,[],-1,1,0,[],-1,-1,[-1],,,0
15002,浮岛龙探索获得的钥匙,dragon_key_2,dragon_key_2_desc,item_dragonscene_key,13,4,4,0,,0,[],0,0,0,0,0,0,0,0,0,[],-1,1,0,[],-1,-1,[-1],,,0
16000,龙挂机加速道具,item_dragon_speedup,item_desc_dragon_speedup,item_dragon_speedupproduct,13,4,16,0,,0,[],0,0,0,0,0,0,0,0,0,[],-1,1,8,[7200],-1,5,[5],,,0
19000,使用后获得150金币,item_get_gold,,item_product_gold,3,-1,19,0,,0,"[[4085,5]]",0,300,0,0,0,0,0,0,0,[],-1,1,9,"[1002,150]",-1,-1,[-1],,,0
19001,金币少量图标（使用后获得1金币）,item_gold1,,item_gold1,3,-1,19,0,,0,[],0,0,0,0,0,0,0,0,0,[],-1,1,9,"[1002,1]",-1,-1,[-1],,,0
19002,金币多量图标（使用后获得1金币）,item_gold2,,item_gold2,3,-1,19,0,,0,[],0,0,0,0,0,0,0,0,0,[],-1,1,9,"[1002,1]",-1,-1,[-1],,,0
19003,金币超多图标（使用后获得1金币）,item_gold3,,item_gold3,3,-1,19,0,,0,[],0,0,0,0,0,0,0,0,0,[],-1,1,9,"[1002,1]",-1,-1,[-1],,,0
19004,钻石少量图标（使用后获得1钻石）,item_diamond1,,item_diamond1,2,-1,19,0,,0,[],0,0,0,0,0,0,0,0,0,[],-1,1,9,"[1001,1]",-1,-1,[-1],,,0
19005,钻石多量图标（使用后获得1钻石）,item_diamond2,,item_diamond2,2,-1,19,0,,0,[],0,0,0,0,0,0,0,0,0,[],-1,1,9,"[1001,1]",-1,-1,[-1],,,0
19007,体力中量图标（使用后获得1体力）,icon_energy01,,icon_energy01,1,-1,19,0,,0,[],0,0,0,0,0,0,0,0,0,[],-1,1,9,"[1003,1]",-1,-1,[-1],,,0
19008,体力大量图标（使用后获得1体力）,icon_energy01,,icon_energy02,1,-1,19,0,,0,[],0,0,0,0,0,0,0,0,0,[],-1,1,9,"[1003,1]",-1,-1,[-1],,,0
20000,障碍体力折扣buff_5折_5min,icon_gold,icon_gold,,13,-1,20,0,,0,[],0,0,0,0,0,0,0,0,0,[],-1,1,10,[1],-1,-1,[-1],,,0
20001,障碍体力折扣buff_7.5折_10min,icon_gold,icon_gold,,13,-1,20,0,,0,[],0,0,0,0,0,0,0,0,0,[],-1,1,10,[2],-1,-1,[-1],,,0
20002,障碍体力折扣buff_7.5折_5min,icon_gold,icon_gold,,13,-1,20,0,,0,,0,0,0,0,0,0,0,0,0,[],-1,1,10,[3],-1,-1,[-1],,,0
22000,探索加速,item_commission_speedup,item_commission_speedup_desc,item_commission_speedup,13,4,22,0,,0,[],0,0,0,0,0,0,0,0,0,[],-1,1,11,[1800],-1,5,[5],,,0
23000,加速道具随机礼包,item_gift_speedup,item_gift_speedup_desc,item_speedup,13,4,23,0,,0,[],0,0,0,0,0,0,0,0,0,[],-1,0,12,[1101],999,6,[6],,,0
23001,随机掉落乳胶、木料、橡胶礼包,item_material_1,item_material_desc1,item_material_1,13,4,23,0,,0,[],0,0,0,0,0,0,0,0,0,[],-1,0,12,[1102],999,6,[6],,,0
23002,随机掉落大理石、石块、细沙礼包,item_material_2,item_material_desc2,item_material_2,13,4,23,0,,0,[],0,0,0,0,0,0,0,0,0,[],-1,0,12,[1103],999,6,[6],,,0
23003,随机掉落面粉、蜜糖、奶油礼包,item_material_3,item_material_desc3,item_material_3,13,4,23,0,,0,[],0,0,0,0,0,0,0,0,0,[],-1,0,12,[1104],999,6,[6],,,0
23004,随机掉落铁锭、铜锭礼包,item_material_4,item_material_desc4,item_material_4,13,4,23,0,,0,[],0,0,0,0,0,0,0,0,0,[],-1,0,12,[1105],999,6,[6],,,0
24000,默认相框,frame_24000,frame_desc_24000,frame_24000,20,-1,24,0,,0,[],0,0,0,0,0,0,0,0,0,[],-1,1,15,[24000],1,-1,[-1],,,0
24001,鲜花头像框,frame_24001,frame_desc_24001,frame_24001,20,-1,24,0,,0,[],0,0,0,0,0,0,0,0,0,[],-1,1,15,[24001],1,-1,[-1],,,0
24002,圣诞头像框,frame_24002,frame_desc_24002,frame_24002,20,-1,24,0,,0,[],0,0,0,0,0,0,0,0,0,[],-1,1,15,[24002],1,-1,[-1],,,0
25000,航海订单,item_bigorder,item_desc_bigorder,item_bigorder,13,4,25,0,,0,[],0,0,0,0,0,0,0,0,0,[],-1,1,13,[],-1,-1,[-1],,,0
26000,花园1遗迹建筑宝箱,item_buildingbox1,item_buildingbox1,icon_dragonscene_box,,-1,26,0,,0,[],0,0,0,0,0,0,0,0,0,[],-1,1,14,"[[1001,5],[1002,200],[2007,5],[2100,3],[10004,5],[7002,5]]",999,-1,[-1],,,0
27100,尼诺默认皮肤,dragonskin_27100,dragonskin_desc_27100,dragonskin_27100,20,-1,27,0,,0,[],0,0,0,0,0,0,0,0,0,[],-1,1,16,[27100],1,-1,[-1],,,0
27101,花环少女,dragonskin_27101,dragonskin_desc_27101,dragonskin_27101,20,-1,27,0,,0,[],0,0,0,0,0,0,0,0,0,[],-1,1,16,[27101],1,-1,[-1],,,0
27200,女主默认皮肤,cynthiaskin_27200,cynthiaskin_desc_27200,cynthiaskin_27200,20,-1,27,0,,0,[],0,0,0,0,0,0,0,0,0,[],-1,1,16,[27200],1,-1,[-1],,,0
27201,圣诞时装,cynthiaskin_27201,cynthiaskin_desc_27201,cynthiaskin_27201,20,-1,27,0,,0,[],0,0,0,0,0,0,0,0,0,[],-1,1,16,[27201],1,-1,[-1],,,0
27500,功能龙-圣诞帽,item_27500,item_desc_27500,item_dragonskin_christmas_hat,20,-1,27,0,,0,[],0,0,0,0,0,0,0,0,0,[],-1,1,16,[27500],9999,0,[0],UI_item_27500_get_way,,0
29001,黄金通行证积分,goldpass_exp,,,,-1,29,0,,0,[],0,0,0,0,0,0,0,0,0,[],-1,1,0,[],-1,-1,[-1],,,0
30001,沙石龙基因,item_gene_1,item_gene_desc1,item_gene_1,39,-1,30,0,,0,[],0,0,0,0,0,0,0,0,0,[],-1,0,18,"[14051,20]",-1,0,[0],item_getway_gene_1,,0
30002,木叶龙基因,item_gene_2,item_gene_desc2,item_gene_2,39,-1,30,0,,0,[],0,0,0,0,0,0,0,0,0,[],-1,0,18,"[14041,20]",-1,0,[0],item_getway_gene_1,,0
30003,火龙基因,item_gene_3,item_gene_desc3,item_gene_3,39,-1,30,0,,0,[],0,0,0,0,0,0,0,0,0,[],-1,0,18,"[14031,20]",-1,0,[0],item_getway_gene_1,,0
30004,小麦龙基因,item_gene_4,item_gene_desc4,item_gene_4,39,-1,30,0,,0,[],0,0,0,0,0,0,0,0,0,[],-1,0,18,"[14001,20]",-1,0,[0],item_getway_gene_1,,0
30005,岩浆龙基因,item_gene_5,item_gene_desc5,item_gene_5,39,-1,30,0,,0,[],0,0,0,0,0,0,0,0,0,[],-1,0,18,"[14081,20]",-1,0,[0],item_getway_gene_1,,0
30006,铜龙基因,item_gene_6,item_gene_desc6,item_gene_6,39,-1,30,0,,0,[],0,0,0,0,0,0,0,0,0,[],-1,0,18,"[14011,20]",-1,0,[0],item_getway_gene_1,,0
30007,奶牛龙,item_gene_7,item_gene_desc7,item_gene_7,39,-1,30,0,,0,[],0,0,0,0,0,0,0,0,0,[],-1,0,18,"[14071,20]",-1,0,[0],item_getway_gene_1,,0
30008,草莓龙,item_gene_8,item_gene_desc8,item_gene_8,39,-1,30,0,,0,[],0,0,0,0,0,0,0,0,0,[],-1,0,18,"[14061,20]",-1,0,[0],item_getway_gene_1,,0
30009,蜜蜂龙,item_gene_9,item_gene_desc9,item_gene_9,39,-1,30,0,,0,[],0,0,0,0,0,0,0,0,0,[],-1,0,18,"[14091,20]",-1,0,[0],item_getway_gene_1,,0
30010,银龙,item_gene_10,item_gene_desc10,item_gene_10,39,-1,30,0,,0,[],0,0,0,0,0,0,0,0,0,[],-1,0,18,"[14101,20]",-1,0,[0],item_getway_gene_1,,0
30011,紫薯龙,item_gene_11,item_gene_desc11,item_gene_11,39,-1,30,0,,0,[],0,0,0,0,0,0,0,0,0,[],-1,0,18,"[14021,20]",-1,0,[0],item_getway_gene_1,,0
30012,硬木龙,item_gene_12,item_gene_desc12,item_gene_12,39,-1,30,0,,0,[],0,0,0,0,0,0,0,0,0,[],-1,0,18,"[14181,20]",-1,0,[0],item_getway_gene_1,,0
30013,金龙,item_gene_13,item_gene_desc13,item_gene_13,39,-1,30,0,,0,[],0,0,0,0,0,0,0,0,0,[],-1,0,18,"[14121,20]",-1,0,[0],item_getway_gene_1,,0
30014,黏土龙,item_gene_14,item_gene_desc14,item_gene_14,39,-1,30,0,,0,[],0,0,0,0,0,0,0,0,0,[],-1,0,18,"[14131,20]",-1,0,[0],item_getway_gene_1,,0
30015,绵羊龙,item_gene_15,item_gene_desc15,item_gene_15,39,-1,30,0,,0,[],0,0,0,0,0,0,0,0,0,[],-1,0,18,"[14141,20]",-1,0,[0],item_getway_gene_1,,0
30016,藤蔓龙,item_gene_16,item_gene_desc16,item_gene_16,39,-1,30,0,,0,[],0,0,0,0,0,0,0,0,0,[],-1,0,18,"[14151,20]",-1,0,[0],item_getway_gene_1,,0
30017,蓝莓龙,item_gene_17,item_gene_desc17,item_gene_17,39,-1,30,0,,0,[],0,0,0,0,0,0,0,0,0,[],-1,0,18,"[14161,20]",-1,0,[0],item_getway_gene_1,,0
30018,苹果龙,item_gene_18,item_gene_desc18,item_gene_18,39,-1,30,0,,0,[],0,0,0,0,0,0,0,0,0,[],-1,0,18,"[14171,20]",-1,0,[0],item_getway_gene_1,,0
30019,红宝石龙,item_gene_19,item_gene_desc19,item_gene_19,39,-1,30,0,,0,[],0,0,0,0,0,0,0,0,0,[],-1,0,18,"[14111,20]",-1,0,[0],item_getway_gene_1,,0
30020,金刚石龙,item_gene_20,item_gene_desc20,item_gene_20,39,-1,30,0,,0,[],0,0,0,0,0,0,0,0,0,[],-1,0,18,"[14191,20]",-1,0,[0],item_getway_gene_1,,0
30021,蓝宝石龙,item_gene_21,item_gene_desc21,item_gene_21,39,-1,30,0,,0,[],0,0,0,0,0,0,0,0,0,[],-1,0,18,"[14201,20]",-1,0,[0],item_getway_gene_1,,0
30022,绿宝石龙,item_gene_22,item_gene_desc22,item_gene_22,39,-1,30,0,,0,[],0,0,0,0,0,0,0,0,0,[],-1,0,18,"[14211,20]",-1,0,[0],item_getway_gene_1,,0
,,,,,,,,,,,,,,,,,,,,,,,,,,,,,,,
,,,,,,,,,,,,,,,,,,,,,,,,,,,,,,,
,,,,,,,,,,,,,,,,,,,,,,,,,,,,,,,
,,,,,,,,,,,,,,,,,,,,,,,,,,,,,,,
,,,,,,,,,,,,,,,,,,,,,,,,,,,,,,,
,,,,,,,,,,,,,,,,,,,,,,,,,,,,,,,
,,,,,,,,,,,,,,,,,,,,,,,,,,,,,,,
,,,,,,,,,,,,,,,,,,,,,,,,,,,,,,,
,,,,,,,,,,,,,,,,,,,,,,,,,,,,,,,
,,,,,,,,,,,,,,,,,,,,,,,,,,,,,,,
,,,,,,,,,,,,,,,,,,,,,,,,,,,,,,,
,,,,,,,,,,,,,,,,,,,,,,,,,,,,,,,
,,,,,,,,,,,,,,,,,,,,,,,,,,,,,,,
,,,,,,,,,,,,,,,,,,,,,,,,,,,,,,,
,,,,,,,,,,,,,,,,,,,,,,,,,,,,,,,
,,,,,,,,,,,,,,,,,,,,,,,,,,,,,,,
,,,,,,,,,,,,,,,,,,,,,,,,,,,,,,,
,,,,,,,,,,,,,,,,,,,,,,,,,,,,,,,
,,,,,,,,,,,,,,,,,,,,,,,,,,,,,,,
,,,,,,,,,,,,,,,,,,,,,,,,,,,,,,,
,,,,,,,,,,,,,,,,,,,,,,,,,,,,,,,
,,,,,,,,,,,,,,,,,,,,,,,,,,,,,,,
,,,,,,,,,,,,,,,,,,,,,,,,,,,,,,,
,,,,,,,,,,,,,,,,,,,,,,,,,,,,,,,
,,,,,,,,,,,,,,,,,,,,,,,,,,,,,,,
,,,,,,,,,,,,,,,,,,,,,,,,,,,,,,,
,,,,,,,,,,,,,,,,,,,,,,,,,,,,,,,
,,,,,,,,,,,,,,,,,,,,,,,,,,,,,,,
,,,,,,,,,,,,,,,,,,,,,,,,,,,,,,,
,,,,,,,,,,,,,,,,,,,,,,,,,,,,,,,
,,,,,,,,,,,,,,,,,,,,,,,,,,,,,,,
,,,,,,,,,,,,,,,,,,,,,,,,,,,,,,,
,,,,,,,,,,,,,,,,,,,,,,,,,,,,,,,
,,,,,,,,,,,,,,,,,,,,,,,,,,,,,,,
,,,,,,,,,,,,,,,,,,,,,,,,,,,,,,,
,,,,,,,,,,,,,,,,,,,,,,,,,,,,,,,
,,,,,,,,,,,,,,,,,,,,,,,,,,,,,,,
,,,,,,,,,,,,,,,,,,,,,,,,,,,,,,,
,,,,,,,,,,,,,,,,,,,,,,,,,,,,,,,
,,,,,,,,,,,,,,,,,,,,,,,,,,,,,,,
,,,,,,,,,,,,,,,,,,,,,,,,,,,,,,,
,,,,,,,,,,,,,,,,,,,,,,,,,,,,,,,
,,,,,,,,,,,,,,,,,,,,,,,,,,,,,,,
,,,,,,,,,,,,,,,,,,,,,,,,,,,,,,,
,,,,,,,,,,,,,,,,,,,,,,,,,,,,,,,
,,,,,,,,,,,,,,,,,,,,,,,,,,,,,,,
,,,,,,,,,,,,,,,,,,,,,,,,,,,,,,,
,,,,,,,,,,,,,,,,,,,,,,,,,,,,,,,
,,,,,,,,,,,,,,,,,,,,,,,,,,,,,,,
,,,,,,,,,,,,,,,,,,,,,,,,,,,,,,,
,,,,,,,,,,,,,,,,,,,,,,,,,,,,,,,
,,,,,,,,,,,,,,,,,,,,,,,,,,,,,,,
,,,,,,,,,,,,,,,,,,,,,,,,,,,,,,,
,,,,,,,,,,,,,,,,,,,,,,,,,,,,,,,
,,,,,,,,,,,,,,,,,,,,,,,,,,,,,,,
,,,,,,,,,,,,,,,,,,,,,,,,,,,,,,,
,,,,,,,,,,,,,,,,,,,,,,,,,,,,,,,
,,,,,,,,,,,,,,,,,,,,,,,,,,,,,,,
,,,,,,,,,,,,,,,,,,,,,,,,,,,,,,,
,,,,,,,,,,,,,,,,,,,,,,,,,,,,,,,
,,,,,,,,,,,,,,,,,,,,,,,,,,,,,,,
,,,,,,,,,,,,,,,,,,,,,,,,,,,,,,,
,,,,,,,,,,,,,,,,,,,,,,,,,,,,,,,
,,,,,,,,,,,,,,,,,,,,,,,,,,,,,,,
,,,,,,,,,,,,,,,,,,,,,,,,,,,,,,,
,,,,,,,,,,,,,,,,,,,,,,,,,,,,,,,
,,,,,,,,,,,,,,,,,,,,,,,,,,,,,,,
,,,,,,,,,,,,,,,,,,,,,,,,,,,,,,,
,,,,,,,,,,,,,,,,,,,,,,,,,,,,,,,
,,,,,,,,,,,,,,,,,,,,,,,,,,,,,,,
,,,,,,,,,,,,,,,,,,,,,,,,,,,,,,,
,,,,,,,,,,,,,,,,,,,,,,,,,,,,,,,
,,,,,,,,,,,,,,,,,,,,,,,,,,,,,,,
,,,,,,,,,,,,,,,,,,,,,,,,,,,,,,,
,,,,,,,,,,,,,,,,,,,,,,,,,,,,,,,
,,,,,,,,,,,,,,,,,,,,,,,,,,,,,,,
,,,,,,,,,,,,,,,,,,,,,,,,,,,,,,,
,,,,,,,,,,,,,,,,,,,,,,,,,,,,,,,
,,,,,,,,,,,,,,,,,,,,,,,,,,,,,,,
,,,,,,,,,,,,,,,,,,,,,,,,,,,,,,,
,,,,,,,,,,,,,,,,,,,,,,,,,,,,,,,
,,,,,,,,,,,,,,,,,,,,,,,,,,,,,,,
,,,,,,,,,,,,,,,,,,,,,,,,,,,,,,,
,,,,,,,,,,,,,,,,,,,,,,,,,,,,,,,
,,,,,,,,,,,,,,,,,,,,,,,,,,,,,,,
,,,,,,,,,,,,,,,,,,,,,,,,,,,,,,,
,,,,,,,,,,,,,,,,,,,,,,,,,,,,,,,
,,,,,,,,,,,,,,,,,,,,,,,,,,,,,,,
,,,,,,,,,,,,,,,,,,,,,,,,,,,,,,,
,,,,,,,,,,,,,,,,,,,,,,,,,,,,,,,
,,,,,,,,,,,,,,,,,,,,,,,,,,,,,,,
,,,,,,,,,,,,,,,,,,,,,,,,,,,,,,,
,,,,,,,,,,,,,,,,,,,,,,,,,,,,,,,
,,,,,,,,,,,,,,,,,,,,,,,,,,,,,,,
,,,,,,,,,,,,,,,,,,,,,,,,,,,,,,,
,,,,,,,,,,,,,,,,,,,,,,,,,,,,,,,
,,,,,,,,,,,,,,,,,,,,,,,,,,,,,,,
,,,,,,,,,,,,,,,,,,,,,,,,,,,,,,,
,,,,,,,,,,,,,,,,,,,,,,,,,,,,,,,
,,,,,,,,,,,,,,,,,,,,,,,,,,,,,,,
,,,,,,,,,,,,,,,,,,,,,,,,,,,,,,,
,,,,,,,,,,,,,,,,,,,,,,,,,,,,,,,
,,,,,,,,,,,,,,,,,,,,,,,,,,,,,,,
,,,,,,,,,,,,,,,,,,,,,,,,,,,,,,,
,,,,,,,,,,,,,,,,,,,,,,,,,,,,,,,
,,,,,,,,,,,,,,,,,,,,,,,,,,,,,,,
,,,,,,,,,,,,,,,,,,,,,,,,,,,,,,,
,,,,,,,,,,,,,,,,,,,,,,,,,,,,,,,
,,,,,,,,,,,,,,,,,,,,,,,,,,,,,,,
,,,,,,,,,,,,,,,,,,,,,,,,,,,,,,,
,,,,,,,,,,,,,,,,,,,,,,,,,,,,,,,
,,,,,,,,,,,,,,,,,,,,,,,,,,,,,,,
,,,,,,,,,,,,,,,,,,,,,,,,,,,,,,,
,,,,,,,,,,,,,,,,,,,,,,,,,,,,,,,
,,,,,,,,,,,,,,,,,,,,,,,,,,,,,,,
,,,,,,,,,,,,,,,,,,,,,,,,,,,,,,,
,,,,,,,,,,,,,,,,,,,,,,,,,,,,,,,
,,,,,,,,,,,,,,,,,,,,,,,,,,,,,,,
,,,,,,,,,,,,,,,,,,,,,,,,,,,,,,,
,,,,,,,,,,,,,,,,,,,,,,,,,,,,,,,
,,,,,,,,,,,,,,,,,,,,,,,,,,,,,,,
,,,,,,,,,,,,,,,,,,,,,,,,,,,,,,,
,,,,,,,,,,,,,,,,,,,,,,,,,,,,,,,
,,,,,,,,,,,,,,,,,,,,,,,,,,,,,,,
,,,,,,,,,,,,,,,,,,,,,,,,,,,,,,,
,,,,,,,,,,,,,,,,,,,,,,,,,,,,,,,
,,,,,,,,,,,,,,,,,,,,,,,,,,,,,,,
,,,,,,,,,,,,,,,,,,,,,,,,,,,,,,,
,,,,,,,,,,,,,,,,,,,,,,,,,,,,,,,
,,,,,,,,,,,,,,,,,,,,,,,,,,,,,,,
,,,,,,,,,,,,,,,,,,,,,,,,,,,,,,,
,,,,,,,,,,,,,,,,,,,,,,,,,,,,,,,
,,,,,,,,,,,,,,,,,,,,,,,,,,,,,,,
,,,,,,,,,,,,,,,,,,,,,,,,,,,,,,,
,,,,,,,,,,,,,,,,,,,,,,,,,,,,,,,
,,,,,,,,,,,,,,,,,,,,,,,,,,,,,,,
,,,,,,,,,,,,,,,,,,,,,,,,,,,,,,,
,,,,,,,,,,,,,,,,,,,,,,,,,,,,,,,
,,,,,,,,,,,,,,,,,,,,,,,,,,,,,,,
,,,,,,,,,,,,,,,,,,,,,,,,,,,,,,,
,,,,,,,,,,,,,,,,,,,,,,,,,,,,,,,
,,,,,,,,,,,,,,,,,,,,,,,,,,,,,,,
,,,,,,,,,,,,,,,,,,,,,,,,,,,,,,,
,,,,,,,,,,,,,,,,,,,,,,,,,,,,,,,
,,,,,,,,,,,,,,,,,,,,,,,,,,,,,,,
,,,,,,,,,,,,,,,,,,,,,,,,,,,,,,,
,,,,,,,,,,,,,,,,,,,,,,,,,,,,,,,
,,,,,,,,,,,,,,,,,,,,,,,,,,,,,,,
,,,,,,,,,,,,,,,,,,,,,,,,,,,,,,,
,,,,,,,,,,,,,,,,,,,,,,,,,,,,,,,
,,,,,,,,,,,,,,,,,,,,,,,,,,,,,,,
,,,,,,,,,,,,,,,,,,,,,,,,,,,,,,,
,,,,,,,,,,,,,,,,,,,,,,,,,,,,,,,
,,,,,,,,,,,,,,,,,,,,,,,,,,,,,,,
,,,,,,,,,,,,,,,,,,,,,,,,,,,,,,,
,,,,,,,,,,,,,,,,,,,,,,,,,,,,,,,
,,,,,,,,,,,,,,,,,,,,,,,,,,,,,,,
,,,,,,,,,,,,,,,,,,,,,,,,,,,,,,,
,,,,,,,,,,,,,,,,,,,,,,,,,,,,,,,
,,,,,,,,,,,,,,,,,,,,,,,,,,,,,,,
,,,,,,,,,,,,,,,,,,,,,,,,,,,,,,,
,,,,,,,,,,,,,,,,,,,,,,,,,,,,,,,
,,,,,,,,,,,,,,,,,,,,,,,,,,,,,,,
,,,,,,,,,,,,,,,,,,,,,,,,,,,,,,,
,,,,,,,,,,,,,,,,,,,,,,,,,,,,,,,
,,,,,,,,,,,,,,,,,,,,,,,,,,,,,,,
,,,,,,,,,,,,,,,,,,,,,,,,,,,,,,,
,,,,,,,,,,,,,,,,,,,,,,,,,,,,,,,
,,,,,,,,,,,,,,,,,,,,,,,,,,,,,,,
,,,,,,,,,,,,,,,,,,,,,,,,,,,,,,,
,,,,,,,,,,,,,,,,,,,,,,,,,,,,,,,
,,,,,,,,,,,,,,,,,,,,,,,,,,,,,,,
,,,,,,,,,,,,,,,,,,,,,,,,,,,,,,,
,,,,,,,,,,,,,,,,,,,,,,,,,,,,,,,
,,,,,,,,,,,,,,,,,,,,,,,,,,,,,,,
,,,,,,,,,,,,,,,,,,,,,,,,,,,,,,,
,,,,,,,,,,,,,,,,,,,,,,,,,,,,,,,
,,,,,,,,,,,,,,,,,,,,,,,,,,,,,,,
,,,,,,,,,,,,,,,,,,,,,,,,,,,,,,,
,,,,,,,,,,,,,,,,,,,,,,,,,,,,,,,
,,,,,,,,,,,,,,,,,,,,,,,,,,,,,,,
,,,,,,,,,,,,,,,,,,,,,,,,,,,,,,,
,,,,,,,,,,,,,,,,,,,,,,,,,,,,,,,
,,,,,,,,,,,,,,,,,,,,,,,,,,,,,,,
,,,,,,,,,,,,,,,,,,,,,,,,,,,,,,,
,,,,,,,,,,,,,,,,,,,,,,,,,,,,,,,
,,,,,,,,,,,,,,,,,,,,,,,,,,,,,,,
,,,,,,,,,,,,,,,,,,,,,,,,,,,,,,,
,,,,,,,,,,,,,,,,,,,,,,,,,,,,,,,
,,,,,,,,,,,,,,,,,,,,,,,,,,,,,,,
,,,,,,,,,,,,,,,,,,,,,,,,,,,,,,,
,,,,,,,,,,,,,,,,,,,,,,,,,,,,,,,
,,,,,,,,,,,,,,,,,,,,,,,,,,,,,,,
,,,,,,,,,,,,,,,,,,,,,,,,,,,,,,,
,,,,,,,,,,,,,,,,,,,,,,,,,,,,,,,
,,,,,,,,,,,,,,,,,,,,,,,,,,,,,,,
,,,,,,,,,,,,,,,,,,,,,,,,,,,,,,,
,,,,,,,,,,,,,,,,,,,,,,,,,,,,,,,
,,,,,,,,,,,,,,,,,,,,,,,,,,,,,,,
,,,,,,,,,,,,,,,,,,,,,,,,,,,,,,,
,,,,,,,,,,,,,,,,,,,,,,,,,,,,,,,
,,,,,,,,,,,,,,,,,,,,,,,,,,,,,,,
,,,,,,,,,,,,,,,,,,,,,,,,,,,,,,,
,,,,,,,,,,,,,,,,,,,,,,,,,,,,,,,
,,,,,,,,,,,,,,,,,,,,,,,,,,,,,,,
,,,,,,,,,,,,,,,,,,,,,,,,,,,,,,,
,,,,,,,,,,,,,,,,,,,,,,,,,,,,,,,
,,,,,,,,,,,,,,,,,,,,,,,,,,,,,,,
,,,,,,,,,,,,,,,,,,,,,,,,,,,,,,,
,,,,,,,,,,,,,,,,,,,,,,,,,,,,,,,
,,,,,,,,,,,,,,,,,,,,,,,,,,,,,,,
,,,,,,,,,,,,,,,,,,,,,,,,,,,,,,,
,,,,,,,,,,,,,,,,,,,,,,,,,,,,,,,
,,,,,,,,,,,,,,,,,,,,,,,,,,,,,,,
,,,,,,,,,,,,,,,,,,,,,,,,,,,,,,,
,,,,,,,,,,,,,,,,,,,,,,,,,,,,,,,
,,,,,,,,,,,,,,,,,,,,,,,,,,,,,,,
,,,,,,,,,,,,,,,,,,,,,,,,,,,,,,,
,,,,,,,,,,,,,,,,,,,,,,,,,,,,,,,
,,,,,,,,,,,,,,,,,,,,,,,,,,,,,,,
,,,,,,,,,,,,,,,,,,,,,,,,,,,,,,,
,,,,,,,,,,,,,,,,,,,,,,,,,,,,,,,
,,,,,,,,,,,,,,,,,,,,,,,,,,,,,,,
,,,,,,,,,,,,,,,,,,,,,,,,,,,,,,,
,,,,,,,,,,,,,,,,,,,,,,,,,,,,,,,
,,,,,,,,,,,,,,,,,,,,,,,,,,,,,,,
,,,,,,,,,,,,,,,,,,,,,,,,,,,,,,,
,,,,,,,,,,,,,,,,,,,,,,,,,,,,,,,
,,,,,,,,,,,,,,,,,,,,,,,,,,,,,,,
,,,,,,,,,,,,,,,,,,,,,,,,,,,,,,,
,,,,,,,,,,,,,,,,,,,,,,,,,,,,,,,
,,,,,,,,,,,,,,,,,,,,,,,,,,,,,,,
,,,,,,,,,,,,,,,,,,,,,,,,,,,,,,,
,,,,,,,,,,,,,,,,,,,,,,,,,,,,,,,
,,,,,,,,,,,,,,,,,,,,,,,,,,,,,,,
,,,,,,,,,,,,,,,,,,,,,,,,,,,,,,,
,,,,,,,,,,,,,,,,,,,,,,,,,,,,,,,
,,,,,,,,,,,,,,,,,,,,,,,,,,,,,,,
,,,,,,,,,,,,,,,,,,,,,,,,,,,,,,,
,,,,,,,,,,,,,,,,,,,,,,,,,,,,,,,
,,,,,,,,,,,,,,,,,,,,,,,,,,,,,,,
,,,,,,,,,,,,,,,,,,,,,,,,,,,,,,,
,,,,,,,,,,,,,,,,,,,,,,,,,,,,,,,
,,,,,,,,,,,,,,,,,,,,,,,,,,,,,,,
,,,,,,,,,,,,,,,,,,,,,,,,,,,,,,,
,,,,,,,,,,,,,,,,,,,,,,,,,,,,,,,
,,,,,,,,,,,,,,,,,,,,,,,,,,,,,,,
,,,,,,,,,,,,,,,,,,,,,,,,,,,,,,,
,,,,,,,,,,,,,,,,,,,,,,,,,,,,,,,
,,,,,,,,,,,,,,,,,,,,,,,,,,,,,,,
,,,,,,,,,,,,,,,,,,,,,,,,,,,,,,,
,,,,,,,,,,,,,,,,,,,,,,,,,,,,,,,
,,,,,,,,,,,,,,,,,,,,,,,,,,,,,,,
,,,,,,,,,,,,,,,,,,,,,,,,,,,,,,,
,,,,,,,,,,,,,,,,,,,,,,,,,,,,,,,
,,,,,,,,,,,,,,,,,,,,,,,,,,,,,,,
,,,,,,,,,,,,,,,,,,,,,,,,,,,,,,,
,,,,,,,,,,,,,,,,,,,,,,,,,,,,,,,
,,,,,,,,,,,,,,,,,,,,,,,,,,,,,,,
,,,,,,,,,,,,,,,,,,,,,,,,,,,,,,,
,,,,,,,,,,,,,,,,,,,,,,,,,,,,,,,
,,,,,,,,,,,,,,,,,,,,,,,,,,,,,,,
,,,,,,,,,,,,,,,,,,,,,,,,,,,,,,,
,,,,,,,,,,,,,,,,,,,,,,,,,,,,,,,
,,,,,,,,,,,,,,,,,,,,,,,,,,,,,,,
,,,,,,,,,,,,,,,,,,,,,,,,,,,,,,,
,,,,,,,,,,,,,,,,,,,,,,,,,,,,,,,
,,,,,,,,,,,,,,,,,,,,,,,,,,,,,,,
,,,,,,,,,,,,,,,,,,,,,,,,,,,,,,,
,,,,,,,,,,,,,,,,,,,,,,,,,,,,,,,
,,,,,,,,,,,,,,,,,,,,,,,,,,,,,,,
,,,,,,,,,,,,,,,,,,,,,,,,,,,,,,,
,,,,,,,,,,,,,,,,,,,,,,,,,,,,,,,
,,,,,,,,,,,,,,,,,,,,,,,,,,,,,,,
,,,,,,,,,,,,,,,,,,,,,,,,,,,,,,,
,,,,,,,,,,,,,,,,,,,,,,,,,,,,,,,
,,,,,,,,,,,,,,,,,,,,,,,,,,,,,,,
,,,,,,,,,,,,,,,,,,,,,,,,,,,,,,,
,,,,,,,,,,,,,,,,,,,,,,,,,,,,,,,
,,,,,,,,,,,,,,,,,,,,,,,,,,,,,,,
,,,,,,,,,,,,,,,,,,,,,,,,,,,,,,,
,,,,,,,,,,,,,,,,,,,,,,,,,,,,,,,
,,,,,,,,,,,,,,,,,,,,,,,,,,,,,,,
,,,,,,,,,,,,,,,,,,,,,,,,,,,,,,,
,,,,,,,,,,,,,,,,,,,,,,,,,,,,,,,
,,,,,,,,,,,,,,,,,,,,,,,,,,,,,,,
,,,,,,,,,,,,,,,,,,,,,,,,,,,,,,,
,,,,,,,,,,,,,,,,,,,,,,,,,,,,,,,
,,,,,,,,,,,,,,,,,,,,,,,,,,,,,,,
,,,,,,,,,,,,,,,,,,,,,,,,,,,,,,,
,,,,,,,,,,,,,,,,,,,,,,,,,,,,,,,
,,,,,,,,,,,,,,,,,,,,,,,,,,,,,,,
,,,,,,,,,,,,,,,,,,,,,,,,,,,,,,,
,,,,,,,,,,,,,,,,,,,,,,,,,,,,,,,
,,,,,,,,,,,,,,,,,,,,,,,,,,,,,,,
,,,,,,,,,,,,,,,,,,,,,,,,,,,,,,,
,,,,,,,,,,,,,,,,,,,,,,,,,,,,,,,
,,,,,,,,,,,,,,,,,,,,,,,,,,,,,,,
,,,,,,,,,,,,,,,,,,,,,,,,,,,,,,,
,,,,,,,,,,,,,,,,,,,,,,,,,,,,,,,
,,,,,,,,,,,,,,,,,,,,,,,,,,,,,,,
,,,,,,,,,,,,,,,,,,,,,,,,,,,,,,,
,,,,,,,,,,,,,,,,,,,,,,,,,,,,,,,
,,,,,,,,,,,,,,,,,,,,,,,,,,,,,,,
,,,,,,,,,,,,,,,,,,,,,,,,,,,,,,,
,,,,,,,,,,,,,,,,,,,,,,,,,,,,,,,
,,,,,,,,,,,,,,,,,,,,,,,,,,,,,,,
,,,,,,,,,,,,,,,,,,,,,,,,,,,,,,,
,,,,,,,,,,,,,,,,,,,,,,,,,,,,,,,
,,,,,,,,,,,,,,,,,,,,,,,,,,,,,,,
,,,,,,,,,,,,,,,,,,,,,,,,,,,,,,,
,,,,,,,,,,,,,,,,,,,,,,,,,,,,,,,
,,,,,,,,,,,,,,,,,,,,,,,,,,,,,,,
,,,,,,,,,,,,,,,,,,,,,,,,,,,,,,,
,,,,,,,,,,,,,,,,,,,,,,,,,,,,,,,
,,,,,,,,,,,,,,,,,,,,,,,,,,,,,,,
,,,,,,,,,,,,,,,,,,,,,,,,,,,,,,,
,,,,,,,,,,,,,,,,,,,,,,,,,,,,,,,
,,,,,,,,,,,,,,,,,,,,,,,,,,,,,,,
,,,,,,,,,,,,,,,,,,,,,,,,,,,,,,,
,,,,,,,,,,,,,,,,,,,,,,,,,,,,,,,
,,,,,,,,,,,,,,,,,,,,,,,,,,,,,,,
,,,,,,,,,,,,,,,,,,,,,,,,,,,,,,,
,,,,,,,,,,,,,,,,,,,,,,,,,,,,,,,
,,,,,,,,,,,,,,,,,,,,,,,,,,,,,,,
,,,,,,,,,,,,,,,,,,,,,,,,,,,,,,,
,,,,,,,,,,,,,,,,,,,,,,,,,,,,,,,
,,,,,,,,,,,,,,,,,,,,,,,,,,,,,,,
,,,,,,,,,,,,,,,,,,,,,,,,,,,,,,,
,,,,,,,,,,,,,,,,,,,,,,,,,,,,,,,
,,,,,,,,,,,,,,,,,,,,,,,,,,,,,,,
,,,,,,,,,,,,,,,,,,,,,,,,,,,,,,,
,,,,,,,,,,,,,,,,,,,,,,,,,,,,,,,
,,,,,,,,,,,,,,,,,,,,,,,,,,,,,,,
,,,,,,,,,,,,,,,,,,,,,,,,,,,,,,,
,,,,,,,,,,,,,,,,,,,,,,,,,,,,,,,
,,,,,,,,,,,,,,,,,,,,,,,,,,,,,,,
,,,,,,,,,,,,,,,,,,,,,,,,,,,,,,,
,,,,,,,,,,,,,,,,,,,,,,,,,,,,,,,
,,,,,,,,,,,,,,,,,,,,,,,,,,,,,,,
,,,,,,,,,,,,,,,,,,,,,,,,,,,,,,,
,,,,,,,,,,,,,,,,,,,,,,,,,,,,,,,
,,,,,,,,,,,,,,,,,,,,,,,,,,,,,,,
,,,,,,,,,,,,,,,,,,,,,,,,,,,,,,,
,,,,,,,,,,,,,,,,,,,,,,,,,,,,,,,
,,,,,,,,,,,,,,,,,,,,,,,,,,,,,,,
,,,,,,,,,,,,,,,,,,,,,,,,,,,,,,,
,,,,,,,,,,,,,,,,,,,,,,,,,,,,,,,
,,,,,,,,,,,,,,,,,,,,,,,,,,,,,,,
,,,,,,,,,,,,,,,,,,,,,,,,,,,,,,,
,,,,,,,,,,,,,,,,,,,,,,,,,,,,,,,
,,,,,,,,,,,,,,,,,,,,,,,,,,,,,,,
,,,,,,,,,,,,,,,,,,,,,,,,,,,,,,,
,,,,,,,,,,,,,,,,,,,,,,,,,,,,,,,
,,,,,,,,,,,,,,,,,,,,,,,,,,,,,,,
,,,,,,,,,,,,,,,,,,,,,,,,,,,,,,,
,,,,,,,,,,,,,,,,,,,,,,,,,,,,,,,
,,,,,,,,,,,,,,,,,,,,,,,,,,,,,,,
,,,,,,,,,,,,,,,,,,,,,,,,,,,,,,,
,,,,,,,,,,,,,,,,,,,,,,,,,,,,,,,
,,,,,,,,,,,,,,,,,,,,,,,,,,,,,,,
,,,,,,,,,,,,,,,,,,,,,,,,,,,,,,,
,,,,,,,,,,,,,,,,,,,,,,,,,,,,,,,
,,,,,,,,,,,,,,,,,,,,,,,,,,,,,,,
,,,,,,,,,,,,,,,,,,,,,,,,,,,,,,,
,,,,,,,,,,,,,,,,,,,,,,,,,,,,,,,
,,,,,,,,,,,,,,,,,,,,,,,,,,,,,,,
,,,,,,,,,,,,,,,,,,,,,,,,,,,,,,,
,,,,,,,,,,,,,,,,,,,,,,,,,,,,,,,
,,,,,,,,,,,,,,,,,,,,,,,,,,,,,,,
,,,,,,,,,,,,,,,,,,,,,,,,,,,,,,,
,,,,,,,,,,,,,,,,,,,,,,,,,,,,,,,
,,,,,,,,,,,,,,,,,,,,,,,,,,,,,,,
,,,,,,,,,,,,,,,,,,,,,,,,,,,,,,,
,,,,,,,,,,,,,,,,,,,,,,,,,,,,,,,
,,,,,,,,,,,,,,,,,,,,,,,,,,,,,,,
,,,,,,,,,,,,,,,,,,,,,,,,,,,,,,,
,,,,,,,,,,,,,,,,,,,,,,,,,,,,,,,
,,,,,,,,,,,,,,,,,,,,,,,,,,,,,,,
,,,,,,,,,,,,,,,,,,,,,,,,,,,,,,,
,,,,,,,,,,,,,,,,,,,,,,,,,,,,,,,
,,,,,,,,,,,,,,,,,,,,,,,,,,,,,,,
,,,,,,,,,,,,,,,,,,,,,,,,,,,,,,,
,,,,,,,,,,,,,,,,,,,,,,,,,,,,,,,
,,,,,,,,,,,,,,,,,,,,,,,,,,,,,,,
,,,,,,,,,,,,,,,,,,,,,,,,,,,,,,,
,,,,,,,,,,,,,,,,,,,,,,,,,,,,,,,
,,,,,,,,,,,,,,,,,,,,,,,,,,,,,,,
,,,,,,,,,,,,,,,,,,,,,,,,,,,,,,,
,,,,,,,,,,,,,,,,,,,,,,,,,,,,,,,
,,,,,,,,,,,,,,,,,,,,,,,,,,,,,,,
,,,,,,,,,,,,,,,,,,,,,,,,,,,,,,,
,,,,,,,,,,,,,,,,,,,,,,,,,,,,,,,
,,,,,,,,,,,,,,,,,,,,,,,,,,,,,,,
,,,,,,,,,,,,,,,,,,,,,,,,,,,,,,,
,,,,,,,,,,,,,,,,,,,,,,,,,,,,,,,
,,,,,,,,,,,,,,,,,,,,,,,,,,,,,,,
,,,,,,,,,,,,,,,,,,,,,,,,,,,,,,,
,,,,,,,,,,,,,,,,,,,,,,,,,,,,,,,
,,,,,,,,,,,,,,,,,,,,,,,,,,,,,,,
,,,,,,,,,,,,,,,,,,,,,,,,,,,,,,,
,,,,,,,,,,,,,,,,,,,,,,,,,,,,,,,
,,,,,,,,,,,,,,,,,,,,,,,,,,,,,,,
,,,,,,,,,,,,,,,,,,,,,,,,,,,,,,,
,,,,,,,,,,,,,,,,,,,,,,,,,,,,,,,
,,,,,,,,,,,,,,,,,,,,,,,,,,,,,,,
,,,,,,,,,,,,,,,,,,,,,,,,,,,,,,,
,,,,,,,,,,,,,,,,,,,,,,,,,,,,,,,
,,,,,,,,,,,,,,,,,,,,,,,,,,,,,,,
,,,,,,,,,,,,,,,,,,,,,,,,,,,,,,,
,,,,,,,,,,,,,,,,,,,,,,,,,,,,,,,
,,,,,,,,,,,,,,,,,,,,,,,,,,,,,,,
,,,,,,,,,,,,,,,,,,,,,,,,,,,,,,,
,,,,,,,,,,,,,,,,,,,,,,,,,,,,,,,
,,,,,,,,,,,,,,,,,,,,,,,,,,,,,,,
,,,,,,,,,,,,,,,,,,,,,,,,,,,,,,,
,,,,,,,,,,,,,,,,,,,,,,,,,,,,,,,
,,,,,,,,,,,,,,,,,,,,,,,,,,,,,,,
,,,,,,,,,,,,,,,,,,,,,,,,,,,,,,,
,,,,,,,,,,,,,,,,,,,,,,,,,,,,,,,
,,,,,,,,,,,,,,,,,,,,,,,,,,,,,,,
,,,,,,,,,,,,,,,,,,,,,,,,,,,,,,,
,,,,,,,,,,,,,,,,,,,,,,,,,,,,,,,
,,,,,,,,,,,,,,,,,,,,,,,,,,,,,,,
,,,,,,,,,,,,,,,,,,,,,,,,,,,,,,,
,,,,,,,,,,,,,,,,,,,,,,,,,,,,,,,
,,,,,,,,,,,,,,,,,,,,,,,,,,,,,,,
,,,,,,,,,,,,,,,,,,,,,,,,,,,,,,,
,,,,,,,,,,,,,,,,,,,,,,,,,,,,,,,
,,,,,,,,,,,,,,,,,,,,,,,,,,,,,,,
,,,,,,,,,,,,,,,,,,,,,,,,,,,,,,,
,,,,,,,,,,,,,,,,,,,,,,,,,,,,,,,
,,,,,,,,,,,,,,,,,,,,,,,,,,,,,,,
,,,,,,,,,,,,,,,,,,,,,,,,,,,,,,,
,,,,,,,,,,,,,,,,,,,,,,,,,,,,,,,
,,,,,,,,,,,,,,,,,,,,,,,,,,,,,,,
,,,,,,,,,,,,,,,,,,,,,,,,,,,,,,,
,,,,,,,,,,,,,,,,,,,,,,,,,,,,,,,
,,,,,,,,,,,,,,,,,,,,,,,,,,,,,,,
,,,,,,,,,,,,,,,,,,,,,,,,,,,,,,,
,,,,,,,,,,,,,,,,,,,,,,,,,,,,,,,
,,,,,,,,,,,,,,,,,,,,,,,,,,,,,,,
,,,,,,,,,,,,,,,,,,,,,,,,,,,,,,,
,,,,,,,,,,,,,,,,,,,,,,,,,,,,,,,
,,,,,,,,,,,,,,,,,,,,,,,,,,,,,,,
,,,,,,,,,,,,,,,,,,,,,,,,,,,,,,,
,,,,,,,,,,,,,,,,,,,,,,,,,,,,,,,
,,,,,,,,,,,,,,,,,,,,,,,,,,,,,,,
,,,,,,,,,,,,,,,,,,,,,,,,,,,,,,,
,,,,,,,,,,,,,,,,,,,,,,,,,,,,,,,
,,,,,,,,,,,,,,,,,,,,,,,,,,,,,,,
,,,,,,,,,,,,,,,,,,,,,,,,,,,,,,,
,,,,,,,,,,,,,,,,,,,,,,,,,,,,,,,
,,,,,,,,,,,,,,,,,,,,,,,,,,,,,,,
,,,,,,,,,,,,,,,,,,,,,,,,,,,,,,,
,,,,,,,,,,,,,,,,,,,,,,,,,,,,,,,
,,,,,,,,,,,,,,,,,,,,,,,,,,,,,,,
,,,,,,,,,,,,,,,,,,,,,,,,,,,,,,,
,,,,,,,,,,,,,,,,,,,,,,,,,,,,,,,
,,,,,,,,,,,,,,,,,,,,,,,,,,,,,,,
,,,,,,,,,,,,,,,,,,,,,,,,,,,,,,,
,,,,,,,,,,,,,,,,,,,,,,,,,,,,,,,
,,,,,,,,,,,,,,,,,,,,,,,,,,,,,,,
,,,,,,,,,,,,,,,,,,,,,,,,,,,,,,,
,,,,,,,,,,,,,,,,,,,,,,,,,,,,,,,
,,,,,,,,,,,,,,,,,,,,,,,,,,,,,,,
,,,,,,,,,,,,,,,,,,,,,,,,,,,,,,,
,,,,,,,,,,,,,,,,,,,,,,,,,,,,,,,
,,,,,,,,,,,,,,,,,,,,,,,,,,,,,,,
,,,,,,,,,,,,,,,,,,,,,,,,,,,,,,,
,,,,,,,,,,,,,,,,,,,,,,,,,,,,,,,
,,,,,,,,,,,,,,,,,,,,,,,,,,,,,,,
,,,,,,,,,,,,,,,,,,,,,,,,,,,,,,,
,,,,,,,,,,,,,,,,,,,,,,,,,,,,,,,
,,,,,,,,,,,,,,,,,,,,,,,,,,,,,,,
,,,,,,,,,,,,,,,,,,,,,,,,,,,,,,,
,,,,,,,,,,,,,,,,,,,,,,,,,,,,,,,
,,,,,,,,,,,,,,,,,,,,,,,,,,,,,,,
,,,,,,,,,,,,,,,,,,,,,,,,,,,,,,,
,,,,,,,,,,,,,,,,,,,,,,,,,,,,,,,
,,,,,,,,,,,,,,,,,,,,,,,,,,,,,,,
,,,,,,,,,,,,,,,,,,,,,,,,,,,,,,,
,,,,,,,,,,,,,,,,,,,,,,,,,,,,,,,
,,,,,,,,,,,,,,,,,,,,,,,,,,,,,,,
,,,,,,,,,,,,,,,,,,,,,,,,,,,,,,,
,,,,,,,,,,,,,,,,,,,,,,,,,,,,,,,
,,,,,,,,,,,,,,,,,,,,,,,,,,,,,,,
,,,,,,,,,,,,,,,,,,,,,,,,,,,,,,,
,,,,,,,,,,,,,,,,,,,,,,,,,,,,,,,
,,,,,,,,,,,,,,,,,,,,,,,,,,,,,,,
,,,,,,,,,,,,,,,,,,,,,,,,,,,,,,,
,,,,,,,,,,,,,,,,,,,,,,,,,,,,,,,
,,,,,,,,,,,,,,,,,,,,,,,,,,,,,,,
,,,,,,,,,,,,,,,,,,,,,,,,,,,,,,,
,,,,,,,,,,,,,,,,,,,,,,,,,,,,,,,
,,,,,,,,,,,,,,,,,,,,,,,,,,,,,,,
,,,,,,,,,,,,,,,,,,,,,,,,,,,,,,,
,,,,,,,,,,,,,,,,,,,,,,,,,,,,,,,
,,,,,,,,,,,,,,,,,,,,,,,,,,,,,,,
,,,,,,,,,,,,,,,,,,,,,,,,,,,,,,,
,,,,,,,,,,,,,,,,,,,,,,,,,,,,,,,
,,,,,,,,,,,,,,,,,,,,,,,,,,,,,,,
,,,,,,,,,,,,,,,,,,,,,,,,,,,,,,,
,,,,,,,,,,,,,,,,,,,,,,,,,,,,,,,
,,,,,,,,,,,,,,,,,,,,,,,,,,,,,,,
,,,,,,,,,,,,,,,,,,,,,,,,,,,,,,,
,,,,,,,,,,,,,,,,,,,,,,,,,,,,,,,
,,,,,,,,,,,,,,,,,,,,,,,,,,,,,,,
,,,,,,,,,,,,,,,,,,,,,,,,,,,,,,,
,,,,,,,,,,,,,,,,,,,,,,,,,,,,,,,
,,,,,,,,,,,,,,,,,,,,,,,,,,,,,,,
,,,,,,,,,,,,,,,,,,,,,,,,,,,,,,,
,,,,,,,,,,,,,,,,,,,,,,,,,,,,,,,
,,,,,,,,,,,,,,,,,,,,,,,,,,,,,,,
,,,,,,,,,,,,,,,,,,,,,,,,,,,,,,,
,,,,,,,,,,,,,,,,,,,,,,,,,,,,,,,
,,,,,,,,,,,,,,,,,,,,,,,,,,,,,,,
,,,,,,,,,,,,,,,,,,,,,,,,,,,,,,,
,,,,,,,,,,,,,,,,,,,,,,,,,,,,,,,
,,,,,,,,,,,,,,,,,,,,,,,,,,,,,,,
,,,,,,,,,,,,,,,,,,,,,,,,,,,,,,,
,,,,,,,,,,,,,,,,,,,,,,,,,,,,,,,
,,,,,,,,,,,,,,,,,,,,,,,,,,,,,,,
,,,,,,,,,,,,,,,,,,,,,,,,,,,,,,,
,,,,,,,,,,,,,,,,,,,,,,,,,,,,,,,
,,,,,,,,,,,,,,,,,,,,,,,,,,,,,,,
,,,,,,,,,,,,,,,,,,,,,,,,,,,,,,,
,,,,,,,,,,,,,,,,,,,,,,,,,,,,,,,
,,,,,,,,,,,,,,,,,,,,,,,,,,,,,,,
,,,,,,,,,,,,,,,,,,,,,,,,,,,,,,,
,,,,,,,,,,,,,,,,,,,,,,,,,,,,,,,
,,,,,,,,,,,,,,,,,,,,,,,,,,,,,,,
,,,,,,,,,,,,,,,,,,,,,,,,,,,,,,,
,,,,,,,,,,,,,,,,,,,,,,,,,,,,,,,
,,,,,,,,,,,,,,,,,,,,,,,,,,,,,,,
,,,,,,,,,,,,,,,,,,,,,,,,,,,,,,,
,,,,,,,,,,,,,,,,,,,,,,,,,,,,,,,
,,,,,,,,,,,,,,,,,,,,,,,,,,,,,,,
,,,,,,,,,,,,,,,,,,,,,,,,,,,,,,,
,,,,,,,,,,,,,,,,,,,,,,,,,,,,,,,
