14002,dragon_name_14002,dragon_desc_14002,小麦龙2级,1,2,14003,dragon_wheat_lv1_head,dragon_wheat_lv2,dragon_wheat_lv2,icon_dragon_attribute1,1,[1],1,1,1,1800,"[5001,180,3,9]",8.3,0.5,"[1002,500]",3,9,[],[],90,2,E_dragon_assistance,0,0,"[[1,""video_dragon_product.webm""],[2,""video_dragon_support.webm""],[3,""video_dragon_breed.webm""],[4,""video_dragon_wheat_skill.webm""],[5,""video_dragon_crownproduct.webm""]]",0,"[1002,20]",35110,[],[]
14001,dragon_name_14001,dragon_desc_14001,小麦龙1级,1,1,14002,dragon_wheat_lv1_head,dragon_wheat_lv1,dragon_wheat_lv1,icon_dragon_attribute1,1,[1],1,0,0,1800,"[5001,180,1,3]",8.3,0.5,"[1002,100]",3,9,[],"[1002,100,1.3,15]",90,1,E_dragon_assistance,0,0,"[[1,""video_dragon_product.webm""],[2,""video_dragon_support.webm""],[3,""video_dragon_breed.webm""],[4,""video_dragon_wheat_skill.webm""],[5,""video_dragon_crownproduct.webm""]]",0,"[1002,10]",35110,[],[]
14002,dragon_name_14002,dragon_desc_14002,小麦龙2级,1,2,14003,dragon_wheat_lv1_head,dragon_wheat_lv2,dragon_wheat_lv2,icon_dragon_attribute1,1,[1],1,1,1,1800,"[5001,180,3,9]",8.3,0.5,"[1002,500]",3,9,[],[],90,2,E_dragon_assistance,0,0,"[[1,""video_dragon_product.webm""],[2,""video_dragon_support.webm""],[3,""video_dragon_breed.webm""],[4,""video_dragon_wheat_skill.webm""],[5,""video_dragon_crownproduct.webm""]]",0,"[1002,20]",35110,[],[]
14003,dragon_name_14003,dragon_desc_14003,小麦龙3级,1,3,14004,dragon_wheat_lv1_head,dragon_wheat_lv3,dragon_wheat_lv3,icon_dragon_attribute1,1,[1],1,3,1,1800,"[5001,180,9,27]",8.3,0.5,"[1002,1000]",3,9,[],[],90,3,E_dragon_assistance,0,0,"[[1,""video_dragon_product.webm""],[2,""video_dragon_support.webm""],[3,""video_dragon_breed.webm""],[4,""video_dragon_wheat_skill.webm""],[5,""video_dragon_crownproduct.webm""]]",0,"[1002,30]",35110,[],[]
14004,dragon_name_14004,dragon_desc_14004,小麦龙4级,1,4,0,dragon_wheat_lv1_head,dragon_wheat_lv4,dragon_wheat_lv4,icon_dragon_attribute1,1,[1],1,9,1,1800,"[5001,180,27,54]",8.3,0.5,"[1002,1000]",3,9,[],[],90,4,E_dragon_assistance_crown,1,1001,"[[1,""video_dragon_product.webm""],[2,""video_dragon_support.webm""],[3,""video_dragon_breed.webm""],[4,""video_dragon_wheat_skill.webm""],[5,""video_dragon_crownproduct.webm""]]",0,"[1002,40]",35110,"[4,1,3]",[]
14011,dragon_name_14011,dragon_desc_14011,铜龙1级,2,1,14012,dragon_copper_lv1_head,dragon_copper_lv1,dragon_copper_lv1,icon_dragon_attribute4,1,[4],4,0,0,1800,"[5012,1800,1,3]",10.8,0.5,"[1002,100]",3,11,[],"[1002,300,1.3,15]",110,1,E_dragon_assistance,0,0,"[[1,""video_dragon_product.webm""],[2,""video_dragon_support.webm""],[3,""video_dragon_breed.webm""],[5,""video_dragon_crownproduct.webm""]]",1,"[1002,10]",35113,[],[]
14012,dragon_name_14012,dragon_desc_14012,铜龙2级,2,2,14013,dragon_copper_lv1_head,dragon_copper_lv2,dragon_copper_lv2,icon_dragon_attribute4,1,[4],4,1,1,1800,"[5012,1800,3,9]",10.8,0.5,"[1002,500]",3,11,[],[],110,2,E_dragon_assistance,0,0,"[[1,""video_dragon_product.webm""],[2,""video_dragon_support.webm""],[3,""video_dragon_breed.webm""],[5,""video_dragon_crownproduct.webm""]]",1,"[1002,20]",35113,[],[]
14013,dragon_name_14013,dragon_desc_14013,铜龙3级,2,3,14014,dragon_copper_lv1_head,dragon_copper_lv3,dragon_copper_lv3,icon_dragon_attribute4,1,[4],4,3,1,1800,"[5012,1800,9,27]",10.8,0.5,"[1002,1000]",3,11,[],[],110,0,E_dragon_assistance,0,0,"[[1,""video_dragon_product.webm""],[2,""video_dragon_support.webm""],[3,""video_dragon_breed.webm""],[5,""video_dragon_crownproduct.webm""]]",1,"[1002,30]",35113,[],[]
14014,dragon_name_14014,dragon_desc_14014,铜龙4级,2,4,0,dragon_copper_lv1_head,dragon_copper_lv4,dragon_copper_lv4,icon_dragon_attribute4,1,[4],4,9,1,1800,"[5012,1800,27,54]",10.8,0.5,"[1002,1000]",3,11,[],[],110,4,E_dragon_assistance_crown,1,2001,"[[1,""video_dragon_product.webm""],[2,""video_dragon_support.webm""],[3,""video_dragon_breed.webm""],[5,""video_dragon_crownproduct.webm""]]",1,"[1002,40]",35113,"[4,1,3]",[]
14021,dragon_name_14021,dragon_desc_14021,紫薯龙1级,3,1,14022,dragon_purple_lv1_head,dragon_purple_lv1,dragon_purple_lv1,icon_dragon_attribute1,1,[1],1,0,0,1800,"[5008,600,1,3]",15.8,0.5,"[1002,100]",3,16,[],"[1002,550,1.3,15]",160,1,E_dragon_assistance,0,0,"[[1,""video_dragon_product.webm""],[2,""video_dragon_support.webm""],[3,""video_dragon_breed.webm""],[5,""video_dragon_crownproduct.webm""]]",1,"[1002,10]",35110,[],[]
14022,dragon_name_14022,dragon_desc_14022,紫薯龙2级,3,2,14023,dragon_purple_lv2_head,dragon_purple_lv2,dragon_purple_lv2,icon_dragon_attribute1,1,[1],1,1,1,1800,"[5008,600,3,9]",15.8,0.5,"[1002,500]",3,16,[],[],160,2,E_dragon_assistance,0,0,"[[1,""video_dragon_product.webm""],[2,""video_dragon_support.webm""],[3,""video_dragon_breed.webm""],[5,""video_dragon_crownproduct.webm""]]",1,"[1002,20]",35110,[],[]
14023,dragon_name_14023,dragon_desc_14023,紫薯龙3级,3,3,14024,dragon_purple_lv3_head,dragon_purple_lv3,dragon_purple_lv3,icon_dragon_attribute1,1,[1],1,3,1,1800,"[5008,600,9,27]",15.8,0.5,"[1002,1000]",3,16,[],[],160,0,E_dragon_assistance,0,0,"[[1,""video_dragon_product.webm""],[2,""video_dragon_support.webm""],[3,""video_dragon_breed.webm""],[5,""video_dragon_crownproduct.webm""]]",1,"[1002,30]",35110,[],[]
14024,dragon_name_14024,dragon_desc_14024,紫薯龙4级,3,4,0,dragon_purple_lv4_head,dragon_purple_lv4,dragon_purple_lv4,icon_dragon_attribute1,1,[1],1,9,1,1800,"[5008,600,27,54]",15.8,0.5,"[1002,1000]",3,16,[],[],160,4,E_dragon_assistance_crown,1,3001,"[[1,""video_dragon_product.webm""],[2,""video_dragon_support.webm""],[3,""video_dragon_breed.webm""],[5,""video_dragon_crownproduct.webm""]]",1,"[1002,40]",35110,"[4,1,3]",[]
14031,dragon_name_14031,dragon_desc_14031,火龙1级,4,1,14032,dragon_fire_lv1_head,dragon_fire_lv1,dragon_fire_lv1,icon_dragon_attribute2,1,[2],2,0,0,1800,"[5018,180,1,3]",4.5,0.5,"[1002,100]",3,7,[],"[1002,150,1.3,15]",70,1,E_dragon_assistance,0,0,"[[1,""video_dragon_product.webm""],[2,""video_dragon_support.webm""],[3,""video_dragon_breed.webm""],[5,""video_dragon_crownproduct.webm""]]",1,"[1002,10]",,[],[]
14032,dragon_name_14032,dragon_desc_14032,火龙2级,4,2,14033,dragon_fire_lv2_head,dragon_fire_lv2,dragon_fire_lv2,icon_dragon_attribute2,1,[2],2,1,1,1800,"[5018,180,3,9]",4.5,0.5,"[1002,500]",3,7,[],[],70,2,E_dragon_assistance,0,0,"[[1,""video_dragon_product.webm""],[2,""video_dragon_support.webm""],[3,""video_dragon_breed.webm""],[5,""video_dragon_crownproduct.webm""]]",1,"[1002,20]",,[],[]
14033,dragon_name_14033,dragon_desc_14033,火龙3级,4,3,14034,dragon_fire_lv3_head,dragon_fire_lv3,dragon_fire_lv3,icon_dragon_attribute2,1,[2],2,3,1,1800,"[5018,180,9,27]",4.5,0.5,"[1002,1000]",3,7,[],[],70,3,E_dragon_assistance,0,0,"[[1,""video_dragon_product.webm""],[2,""video_dragon_support.webm""],[3,""video_dragon_breed.webm""],[5,""video_dragon_crownproduct.webm""]]",1,"[1002,30]",,[],[]
14034,dragon_name_14034,dragon_desc_14034,火龙4级,4,4,0,dragon_fire_lv4_head,dragon_fire_lv4,dragon_fire_lv4,icon_dragon_attribute2,1,[2],2,9,1,1800,"[5018,180,27,54]",4.5,0.5,"[1002,1000]",3,7,[],[],70,4,E_dragon_assistance_crown,1,4001,"[[1,""video_dragon_product.webm""],[2,""video_dragon_support.webm""],[3,""video_dragon_breed.webm""],[5,""video_dragon_crownproduct.webm""]]",1,"[1002,40]",,"[4,1,3]",[]
14041,dragon_name_14041,dragon_desc_14041,木叶龙1级,5,1,14042,dragon_woodLeaf_lv1_head,dragon_woodLeaf_lv1,dragon_woodLeaf_lv1,icon_dragon_attribute2,1,[2],2,0,0,1800,"[5016,60,1,3]",1,0.5,"[1002,100]",3,6,[],"[1002,100,1.3,15]",60,1,E_dragon_assistance,0,0,"[[1,""video_dragon_product.webm""],[2,""video_dragon_support.webm""],[3,""video_dragon_breed.webm""],[4,""video_dragon_woodleaf_skill.webm""],[5,""video_dragon_crownproduct.webm""]]",0,"[1002,10]",,[],[]
14042,dragon_name_14042,dragon_desc_14042,木叶龙2级,5,2,14043,dragon_woodLeaf_lv2_head,dragon_woodLeaf_lv2,dragon_woodLeaf_lv2,icon_dragon_attribute2,1,[2],2,1,1,1800,"[5016,60,3,9]",1,0.5,"[1002,500]",3,6,[],[],60,2,E_dragon_assistance,0,0,"[[1,""video_dragon_product.webm""],[2,""video_dragon_support.webm""],[3,""video_dragon_breed.webm""],[4,""video_dragon_woodleaf_skill.webm""],[5,""video_dragon_crownproduct.webm""]]",0,"[1002,20]",,[],[]
14043,dragon_name_14043,dragon_desc_14043,木叶龙3级,5,3,14044,dragon_woodLeaf_lv3_head,dragon_woodLeaf_lv3,dragon_woodLeaf_lv3,icon_dragon_attribute2,1,[2],2,3,1,1800,"[5016,60,9,27]",1,0.5,"[1002,1000]",3,6,[],[],60,3,E_dragon_assistance,0,0,"[[1,""video_dragon_product.webm""],[2,""video_dragon_support.webm""],[3,""video_dragon_breed.webm""],[4,""video_dragon_woodleaf_skill.webm""],[5,""video_dragon_crownproduct.webm""]]",0,"[1002,30]",,[],[]
14044,dragon_name_14044,dragon_desc_14044,木叶龙4级,5,4,0,dragon_woodLeaf_lv4_head,dragon_woodLeaf_lv4,dragon_woodLeaf_lv4,icon_dragon_attribute2,1,[2],2,9,1,1800,"[5016,60,27,54]",1,0.5,"[1002,1000]",3,6,[],[],60,4,E_dragon_assistance_crown,1,5001,"[[1,""video_dragon_product.webm""],[2,""video_dragon_support.webm""],[3,""video_dragon_breed.webm""],[4,""video_dragon_woodleaf_skill.webm""],[5,""video_dragon_crownproduct.webm""]]",0,"[1002,40]",,"[4,1,3]",[]
14051,dragon_name_14051,dragon_desc_14051,沙石龙1级,6,1,14052,dragon_argil_lv1_head,dragon_argil_lv1,dragon_argil_lv1,icon_dragon_attribute3,1,[3],3,0,0,1800,"[5009,300,1,3]",5.5,0.5,"[1002,100]",3,5,[],"[1002,100,1.25,15]",50,1,E_dragon_assistance,0,0,"[[1,""video_dragon_product.webm""],[2,""video_dragon_support.webm""],[3,""video_dragon_breed.webm""],[4,""video_dragon_argil_skill.webm""],[5,""video_dragon_crownproduct.webm""]]",0,"[1002,10]",35112,[],[]
14052,dragon_name_14052,dragon_desc_14052,沙石龙2级,6,2,14053,dragon_argil_lv2_head,dragon_argil_lv2,dragon_argil_lv2,icon_dragon_attribute3,1,[3],3,1,1,1800,"[5009,300,3,9]",5.5,0.5,"[1002,500]",3,5,[],[],50,2,E_dragon_assistance,0,0,"[[1,""video_dragon_product.webm""],[2,""video_dragon_support.webm""],[3,""video_dragon_breed.webm""],[4,""video_dragon_argil_skill.webm""],[5,""video_dragon_crownproduct.webm""]]",0,"[1002,20]",35112,[],[]
14053,dragon_name_14053,dragon_desc_14053,沙石龙3级,6,3,14054,dragon_argil_lv3_head,dragon_argil_lv3,dragon_argil_lv3,icon_dragon_attribute3,1,[3],3,3,1,1800,"[5009,300,9,27]",5.5,0.5,"[1002,1000]",3,5,[],[],50,3,E_dragon_assistance,0,0,"[[1,""video_dragon_product.webm""],[2,""video_dragon_support.webm""],[3,""video_dragon_breed.webm""],[4,""video_dragon_argil_skill.webm""],[5,""video_dragon_crownproduct.webm""]]",0,"[1002,30]",35112,[],[]
14054,dragon_name_14054,dragon_desc_14054,沙石龙4级,6,4,0,dragon_argil_lv4_head,dragon_argil_lv4,dragon_argil_lv4,icon_dragon_attribute3,1,[3],3,9,1,1800,"[5009,300,27,54]",5.5,0.5,"[1002,1000]",3,5,[],[],50,4,E_dragon_assistance_crown,1,6001,"[[1,""video_dragon_product.webm""],[2,""video_dragon_support.webm""],[3,""video_dragon_breed.webm""],[4,""video_dragon_argil_skill.webm""],[5,""video_dragon_crownproduct.webm""]]",0,"[1002,40]",35112,"[4,1,3]",[]
14061,dragon_name_14061,dragon_desc_14061,草莓龙1级,7,1,14062,dragon_strawberry_lv1_head,dragon_strawberry_lv1,dragon_strawberry_lv1,icon_dragon_attribute1,1,[1],1,0,0,1800,"[5002,300,1,3]",12.8,0.5,"[1002,100]",3,13,[],"[1002,400,1.3,15]",130,1,E_dragon_assistance,0,0,"[[1,""video_dragon_product.webm""],[2,""video_dragon_support.webm""],[3,""video_dragon_breed.webm""],[5,""video_dragon_crownproduct.webm""]]",1,"[1002,10]",35110,[],[]
14062,dragon_name_14062,dragon_desc_14062,草莓龙2级,7,2,14063,dragon_strawberry_lv2_head,dragon_strawberry_lv2,dragon_strawberry_lv2,icon_dragon_attribute1,1,[1],1,1,1,1800,"[5002,300,3,9]",12.8,0.5,"[1002,500]",3,13,[],[],130,2,E_dragon_assistance,0,0,"[[1,""video_dragon_product.webm""],[2,""video_dragon_support.webm""],[3,""video_dragon_breed.webm""],[5,""video_dragon_crownproduct.webm""]]",1,"[1002,20]",35110,[],[]
14063,dragon_name_14063,dragon_desc_14063,草莓龙3级,7,3,14064,dragon_strawberry_lv3_head,dragon_strawberry_lv3,dragon_strawberry_lv3,icon_dragon_attribute1,1,[1],1,3,1,1800,"[5002,300,9,27]",12.8,0.5,"[1002,1000]",3,13,[],[],130,3,E_dragon_assistance,0,0,"[[1,""video_dragon_product.webm""],[2,""video_dragon_support.webm""],[3,""video_dragon_breed.webm""],[5,""video_dragon_crownproduct.webm""]]",1,"[1002,30]",35110,[],[]
14064,dragon_name_14064,dragon_desc_14064,草莓龙4级,7,4,0,dragon_strawberry_lv4_head,dragon_strawberry_lv4,dragon_strawberry_lv4,icon_dragon_attribute1,1,[1],1,9,1,1800,"[5002,300,27,54]",12.8,0.5,"[1002,1000]",3,13,[],[],130,4,E_dragon_assistance_crown,1,7001,"[[1,""video_dragon_product.webm""],[2,""video_dragon_support.webm""],[3,""video_dragon_breed.webm""],[5,""video_dragon_crownproduct.webm""]]",1,"[1002,40]",35110,"[4,1,3]",[]
14071,dragon_name_14071,dragon_desc_14071,奶牛龙1级,8,1,14072,dragon_milk_lv1_head,dragon_milk_lv1,dragon_milk_lv1,icon_dragon_attribute1,1,[1],1,0,0,1800,"[5006,900,1,3]",11.8,0.5,"[1002,100]",3,12,[],"[1002,350,1.3,15]",120,1,E_dragon_assistance,0,0,"[[1,""video_dragon_product.webm""],[2,""video_dragon_support.webm""],[3,""video_dragon_breed.webm""],[5,""video_dragon_crownproduct.webm""]]",1,"[1002,10]",35110,[],[]
14072,dragon_name_14072,dragon_desc_14072,奶牛龙2级,8,2,14073,dragon_milk_lv2_head,dragon_milk_lv2,dragon_milk_lv2,icon_dragon_attribute1,1,[1],1,1,1,1800,"[5006,900,3,9]",11.8,0.5,"[1002,500]",3,12,[],[],120,2,E_dragon_assistance,0,0,"[[1,""video_dragon_product.webm""],[2,""video_dragon_support.webm""],[3,""video_dragon_breed.webm""],[5,""video_dragon_crownproduct.webm""]]",1,"[1002,20]",35110,[],[]
14073,dragon_name_14073,dragon_desc_14073,奶牛龙3级,8,3,14074,dragon_milk_lv3_head,dragon_milk_lv3,dragon_milk_lv3,icon_dragon_attribute1,1,[1],1,3,1,1800,"[5006,900,9,27]",11.8,0.5,"[1002,1000]",3,12,[],[],120,0,E_dragon_assistance,0,0,"[[1,""video_dragon_product.webm""],[2,""video_dragon_support.webm""],[3,""video_dragon_breed.webm""],[5,""video_dragon_crownproduct.webm""]]",1,"[1002,30]",35110,[],[]
14074,dragon_name_14074,dragon_desc_14074,奶牛龙4级,8,4,0,dragon_milk_lv4_head,dragon_milk_lv4,dragon_milk_lv4,icon_dragon_attribute1,1,[1],1,9,1,1800,"[5006,900,27,54]",11.8,0.5,"[1002,1000]",3,12,[],[],120,4,E_dragon_assistance_crown,1,8001,"[[1,""video_dragon_product.webm""],[2,""video_dragon_support.webm""],[3,""video_dragon_breed.webm""],[5,""video_dragon_crownproduct.webm""]]",1,"[1002,40]",35110,"[4,1,3]",[]
14081,dragon_name_14081,dragon_desc_14081,岩浆龙1级,9,1,14082,dragon_magma_lv1_head,dragon_magma_lv1,dragon_magma_lv1,icon_dragon_attribute3,1,[3],3,0,0,1800,"[5011,1200,1,3]",9.7,0.5,"[1002,100]",3,10,[],"[1002,250,1.3,15]",100,1,E_dragon_assistance,0,0,"[[1,""video_dragon_product.webm""],[2,""video_dragon_support.webm""],[3,""video_dragon_breed.webm""],[5,""video_dragon_crownproduct.webm""]]",1,"[1002,10]",35112,[],[]
14082,dragon_name_14082,dragon_desc_14082,岩浆龙2级,9,2,14083,dragon_magma_lv2_head,dragon_magma_lv2,dragon_magma_lv2,icon_dragon_attribute3,1,[3],3,1,1,1800,"[5011,1200,3,9]",9.7,0.5,"[1002,500]",3,10,[],[],100,2,E_dragon_assistance,0,0,"[[1,""video_dragon_product.webm""],[2,""video_dragon_support.webm""],[3,""video_dragon_breed.webm""],[5,""video_dragon_crownproduct.webm""]]",1,"[1002,20]",35112,[],[]
14083,dragon_name_14083,dragon_desc_14083,岩浆龙3级,9,3,14084,dragon_magma_lv3_head,dragon_magma_lv3,dragon_magma_lv3,icon_dragon_attribute3,1,[3],3,3,1,1800,"[5011,1200,9,27]",9.7,0.5,"[1002,1000]",3,10,[],[],100,0,E_dragon_assistance,0,0,"[[1,""video_dragon_product.webm""],[2,""video_dragon_support.webm""],[3,""video_dragon_breed.webm""],[5,""video_dragon_crownproduct.webm""]]",1,"[1002,30]",35112,[],[]
14084,dragon_name_14084,dragon_desc_14084,岩浆龙4级,9,4,0,dragon_magma_lv4_head,dragon_magma_lv4,dragon_magma_lv4,icon_dragon_attribute3,1,[3],3,9,1,1800,"[5011,1200,27,54]",9.7,0.5,"[1002,1000]",3,10,[],[],100,4,E_dragon_assistance_crown,1,9001,"[[1,""video_dragon_product.webm""],[2,""video_dragon_support.webm""],[3,""video_dragon_breed.webm""],[5,""video_dragon_crownproduct.webm""]]",1,"[1002,40]",35112,"[4,1,3]",[]
14091,dragon_name_14091,dragon_desc_14091,蜜蜂龙1级,10,1,14092,dragon_honey_lv1_head,dragon_honey_lv1,dragon_honey_lv1,icon_dragon_attribute2,1,[2],2,0,0,1800,"[5005,900,1,3]",13.8,0.5,"[1002,100]",3,14,[],"[1002,450,1.3,15]",140,1,E_dragon_assistance,0,0,"[[1,""video_dragon_product.webm""],[2,""video_dragon_support.webm""],[3,""video_dragon_breed.webm""],[5,""video_dragon_crownproduct.webm""]]",1,"[1002,10]",,[],[]
14092,dragon_name_14092,dragon_desc_14092,蜜蜂龙2级,10,2,14093,dragon_honey_lv2_head,dragon_honey_lv2,dragon_honey_lv2,icon_dragon_attribute2,1,[2],2,1,1,1800,"[5005,900,3,9]",13.8,0.5,"[1002,500]",3,14,[],[],140,2,E_dragon_assistance,0,0,"[[1,""video_dragon_product.webm""],[2,""video_dragon_support.webm""],[3,""video_dragon_breed.webm""],[5,""video_dragon_crownproduct.webm""]]",1,"[1002,20]",,[],[]
14093,dragon_name_14093,dragon_desc_14093,蜜蜂龙3级,10,3,14094,dragon_honey_lv3_head,dragon_honey_lv3,dragon_honey_lv3,icon_dragon_attribute2,1,[2],2,3,1,1800,"[5005,900,9,27]",13.8,0.5,"[1002,1000]",3,14,[],[],140,0,E_dragon_assistance,0,0,"[[1,""video_dragon_product.webm""],[2,""video_dragon_support.webm""],[3,""video_dragon_breed.webm""],[5,""video_dragon_crownproduct.webm""]]",1,"[1002,30]",,[],[]
14094,dragon_name_14094,dragon_desc_14094,蜜蜂龙4级,10,4,0,dragon_honey_lv4_head,dragon_honey_lv4,dragon_honey_lv4,icon_dragon_attribute2,1,[2],2,9,1,1800,"[5005,900,27,54]",13.8,0.5,"[1002,1000]",3,14,[],[],140,4,E_dragon_assistance_crown,1,10001,"[[1,""video_dragon_product.webm""],[2,""video_dragon_support.webm""],[3,""video_dragon_breed.webm""],[5,""video_dragon_crownproduct.webm""]]",1,"[1002,40]",,"[4,1,3]",[]
14101,dragon_name_14101,dragon_desc_14101,银龙1级,11,1,14102,dragon_silver_lv1_head,dragon_silver_lv1,dragon_silver_lv1,icon_dragon_attribute4,1,[4],4,0,0,1800,"[5013,3000,1,3]",14.8,0.5,"[1002,100]",3,15,[],"[1002,500,1.3,15]",150,1,E_dragon_assistance,0,0,"[[1,""video_dragon_product.webm""],[2,""video_dragon_support.webm""],[3,""video_dragon_breed.webm""],[5,""video_dragon_crownproduct.webm""]]",1,"[1002,10]",35113,[],[]
14102,dragon_name_14102,dragon_desc_14102,银龙2级,11,2,14103,dragon_silver_lv2_head,dragon_silver_lv2,dragon_silver_lv2,icon_dragon_attribute4,1,[4],4,1,1,1800,"[5013,3000,3,9]",14.8,0.5,"[1002,500]",3,15,[],[],150,2,E_dragon_assistance,0,0,"[[1,""video_dragon_product.webm""],[2,""video_dragon_support.webm""],[3,""video_dragon_breed.webm""],[5,""video_dragon_crownproduct.webm""]]",1,"[1002,20]",35113,[],[]
14103,dragon_name_14103,dragon_desc_14103,银龙3级,11,3,14104,dragon_silver_lv3_head,dragon_silver_lv3,dragon_silver_lv3,icon_dragon_attribute4,1,[4],4,3,1,1800,"[5013,3000,9,27]",14.8,0.5,"[1002,1000]",3,15,[],[],150,0,E_dragon_assistance,0,0,"[[1,""video_dragon_product.webm""],[2,""video_dragon_support.webm""],[3,""video_dragon_breed.webm""],[5,""video_dragon_crownproduct.webm""]]",1,"[1002,30]",35113,[],[]
14104,dragon_name_14104,dragon_desc_14104,银龙4级,11,4,0,dragon_silver_lv4_head,dragon_silver_lv4,dragon_silver_lv4,icon_dragon_attribute4,1,[4],4,9,1,1800,"[5013,3000,27,54]",14.8,0.5,"[1002,1000]",3,15,[],[],150,4,E_dragon_assistance_crown,1,11001,"[[1,""video_dragon_product.webm""],[2,""video_dragon_support.webm""],[3,""video_dragon_breed.webm""],[5,""video_dragon_crownproduct.webm""]]",1,"[1002,40]",35113,"[4,1,3]",[]
14111,dragon_name_14111,dragon_desc_14111,红宝石龙1级,19,1,14112,dragon_ruby_lv1_head,dragon_ruby_lv1,dragon_ruby_lv1,icon_dragon_attribute4,1,[4],4,0,0,1800,"[5019,3600,1,3]",27.9,0.5,"[1002,100]",3,28,[],"[1002,950,1.3,15]",280,1,E_dragon_assistance,0,0,"[[1,""video_dragon_product.webm""],[2,""video_dragon_support.webm""],[3,""video_dragon_breed.webm""],[5,""video_dragon_crownproduct.webm""]]",1,"[1002,10]",35113,[],[]
14112,dragon_name_14112,dragon_desc_14112,红宝石龙2级,19,2,14113,dragon_ruby_lv2_head,dragon_ruby_lv2,dragon_ruby_lv2,icon_dragon_attribute4,1,[4],4,1,1,1800,"[5019,3600,3,9]",27.9,0.5,"[1002,500]",3,28,[],[],280,2,E_dragon_assistance,0,0,"[[1,""video_dragon_product.webm""],[2,""video_dragon_support.webm""],[3,""video_dragon_breed.webm""],[5,""video_dragon_crownproduct.webm""]]",1,"[1002,20]",35113,[],[]
14113,dragon_name_14113,dragon_desc_14113,红宝石龙3级,19,3,14114,dragon_ruby_lv3_head,dragon_ruby_lv3,dragon_ruby_lv3,icon_dragon_attribute4,1,[4],4,3,1,1800,"[5019,3600,9,27]",27.9,0.5,"[1002,1000]",3,28,[],[],280,0,E_dragon_assistance,0,0,"[[1,""video_dragon_product.webm""],[2,""video_dragon_support.webm""],[3,""video_dragon_breed.webm""],[5,""video_dragon_crownproduct.webm""]]",1,"[1002,30]",35113,[],[]
14114,dragon_name_14114,dragon_desc_14114,红宝石龙4级,19,4,0,dragon_ruby_lv4_head,dragon_ruby_lv4,dragon_ruby_lv4,icon_dragon_attribute4,1,[4],4,9,1,1800,"[5019,3600,27,54]",27.9,0.5,"[1002,1000]",3,28,[],[],280,4,E_dragon_assistance_crown,1,19001,"[[1,""video_dragon_product.webm""],[2,""video_dragon_support.webm""],[3,""video_dragon_breed.webm""],[5,""video_dragon_crownproduct.webm""]]",1,"[1002,40]",35113,"[4,1,3]",[]
14121,dragon_name_14121,dragon_desc_14121,金龙1级,12,1,14122,dragon_gold_lv1_head,dragon_gold_lv1,dragon_gold_lv1,icon_dragon_attribute4,1,[4],4,0,0,1800,"[5014,3600,1,3]",17.9,0.5,"[1002,100]",3,18,[],"[1002,650,1.3,15]",180,1,E_dragon_assistance,0,0,"[[1,""video_dragon_product.webm""],[2,""video_dragon_support.webm""],[3,""video_dragon_breed.webm""],[5,""video_dragon_crownproduct.webm""]]",1,"[1002,10]",35113,[],[]
14122,dragon_name_14122,dragon_desc_14122,金龙2级,12,2,14123,dragon_gold_lv2_head,dragon_gold_lv2,dragon_gold_lv2,icon_dragon_attribute4,1,[4],4,1,1,1800,"[5014,3600,3,9]",17.9,0.5,"[1002,500]",3,18,[],[],180,2,E_dragon_assistance,0,0,"[[1,""video_dragon_product.webm""],[2,""video_dragon_support.webm""],[3,""video_dragon_breed.webm""],[5,""video_dragon_crownproduct.webm""]]",1,"[1002,20]",35113,[],[]
14123,dragon_name_14123,dragon_desc_14123,金龙3级,12,3,14124,dragon_gold_lv3_head,dragon_gold_lv3,dragon_gold_lv3,icon_dragon_attribute4,1,[4],4,3,1,1800,"[5014,3600,9,27]",17.9,0.5,"[1002,1000]",3,18,[],[],180,3,E_dragon_assistance,0,0,"[[1,""video_dragon_product.webm""],[2,""video_dragon_support.webm""],[3,""video_dragon_breed.webm""],[5,""video_dragon_crownproduct.webm""]]",1,"[1002,30]",35113,[],[]
14124,dragon_name_14124,dragon_desc_14124,金龙4级,12,4,0,dragon_gold_lv4_head,dragon_gold_lv4,dragon_gold_lv4,icon_dragon_attribute4,1,[4],4,9,1,1800,"[5014,3600,27,54]",17.9,0.5,"[1002,1000]",3,18,[],[],180,4,E_dragon_assistance_crown,1,12001,"[[1,""video_dragon_product.webm""],[2,""video_dragon_support.webm""],[3,""video_dragon_breed.webm""],[5,""video_dragon_crownproduct.webm""]]",1,"[1002,40]",35113,"[4,1,3]",[]
14131,dragon_name_14131,dragon_desc_14131,黏土龙1级,14,1,14132,dragon_clay_lv1_head,dragon_clay_lv1,dragon_clay_lv1,icon_dragon_attribute3,1,[3],3,0,0,1800,"[5010,600,1,3]",18.9,0.5,"[1002,100]",3,19,[],"[1002,700,1.3,15]",190,1,E_dragon_assistance,0,0,"[[1,""video_dragon_product.webm""],[2,""video_dragon_support.webm""],[3,""video_dragon_breed.webm""],[5,""video_dragon_crownproduct.webm""]]",1,"[1002,10]",35112,[],[]
14132,dragon_name_14132,dragon_desc_14132,黏土龙2级,14,2,14133,dragon_clay_lv2_head,dragon_clay_lv2,dragon_clay_lv2,icon_dragon_attribute3,1,[3],3,1,1,1800,"[5010,600,3,9]",18.9,0.5,"[1002,500]",3,19,[],[],190,2,E_dragon_assistance,0,0,"[[1,""video_dragon_product.webm""],[2,""video_dragon_support.webm""],[3,""video_dragon_breed.webm""],[5,""video_dragon_crownproduct.webm""]]",1,"[1002,20]",35112,[],[]
14133,dragon_name_14133,dragon_desc_14133,黏土龙3级,14,3,14134,dragon_clay_lv3_head,dragon_clay_lv3,dragon_clay_lv3,icon_dragon_attribute3,1,[3],3,3,1,1800,"[5010,600,9,27]",18.9,0.5,"[1002,1000]",3,19,[],[],190,0,E_dragon_assistance,0,0,"[[1,""video_dragon_product.webm""],[2,""video_dragon_support.webm""],[3,""video_dragon_breed.webm""],[5,""video_dragon_crownproduct.webm""]]",1,"[1002,30]",35112,[],[]
14134,dragon_name_14134,dragon_desc_14134,黏土龙4级,14,4,0,dragon_clay_lv4_head,dragon_clay_lv4,dragon_clay_lv4,icon_dragon_attribute3,1,[3],3,9,1,1800,"[5010,600,27,54]",18.9,0.5,"[1002,1000]",3,19,[],[],190,4,E_dragon_assistance_crown,1,14001,"[[1,""video_dragon_product.webm""],[2,""video_dragon_support.webm""],[3,""video_dragon_breed.webm""],[5,""video_dragon_crownproduct.webm""]]",1,"[1002,40]",35112,"[4,1,3]",[]
14141,dragon_name_14141,dragon_desc_14141,绵羊龙1级,15,1,14142,dragon_sh_lv1_head,dragon_sh_lv1,dragon_sh_lv1,icon_dragon_attribute1,1,[1],1,0,0,1800,"[5007,1800,1,3]",19.8,0.5,"[1002,100]",3,20,[],"[1002,750,1.3,15]",200,1,E_dragon_assistance,0,0,"[[1,""video_dragon_product.webm""],[2,""video_dragon_support.webm""],[3,""video_dragon_breed.webm""],[5,""video_dragon_crownproduct.webm""]]",1,"[1002,10]",35110,[],[]
14142,dragon_name_14142,dragon_desc_14142,绵羊龙2级,15,2,14143,dragon_sh_lv2_head,dragon_sh_lv2,dragon_sh_lv2,icon_dragon_attribute1,1,[1],1,1,1,1800,"[5007,1800,3,9]",19.8,0.5,"[1002,500]",3,20,[],[],200,2,E_dragon_assistance,0,0,"[[1,""video_dragon_product.webm""],[2,""video_dragon_support.webm""],[3,""video_dragon_breed.webm""],[5,""video_dragon_crownproduct.webm""]]",1,"[1002,20]",35110,[],[]
14143,dragon_name_14143,dragon_desc_14143,绵羊龙3级,15,3,14144,dragon_sh_lv3_head,dragon_sh_lv3,dragon_sh_lv3,icon_dragon_attribute1,1,[1],1,3,1,1800,"[5007,1800,9,27]",19.8,0.5,"[1002,1000]",3,20,[],[],200,3,E_dragon_assistance,0,0,"[[1,""video_dragon_product.webm""],[2,""video_dragon_support.webm""],[3,""video_dragon_breed.webm""],[5,""video_dragon_crownproduct.webm""]]",1,"[1002,30]",35110,[],[]
14144,dragon_name_14144,dragon_desc_14144,绵羊龙4级,15,4,0,dragon_sh_lv4_head,dragon_sh_lv4,dragon_sh_lv4,icon_dragon_attribute1,1,[1],1,9,1,1800,"[5007,1800,27,54]",19.8,0.5,"[1002,1000]",3,20,[],[],200,4,E_dragon_assistance_crown,1,15001,"[[1,""video_dragon_product.webm""],[2,""video_dragon_support.webm""],[3,""video_dragon_breed.webm""],[5,""video_dragon_crownproduct.webm""]]",1,"[1002,40]",35110,"[4,1,3]",[]
14151,dragon_name_14151,dragon_desc_14151,藤蔓龙1级,16,1,14152,dragon_cirrus_lv1_head,dragon_cirrus_lv1,dragon_cirrus_lv1,icon_dragon_attribute2,1,[2],2,0,0,1800,"[5017,600,1,3]",21.9,0.5,"[1002,100]",3,22,[],"[1002,800,1.3,15]",220,1,E_dragon_assistance,0,0,"[[1,""video_dragon_product.webm""],[2,""video_dragon_support.webm""],[3,""video_dragon_breed.webm""],[5,""video_dragon_crownproduct.webm""]]",1,"[1002,10]",,[],[]
14152,dragon_name_14152,dragon_desc_14152,藤蔓龙2级,16,2,14153,dragon_cirrus_lv2_head,dragon_cirrus_lv2,dragon_cirrus_lv2,icon_dragon_attribute2,1,[2],2,1,1,1800,"[5017,600,3,9]",21.9,0.5,"[1002,500]",3,22,[],[],220,2,E_dragon_assistance,0,0,"[[1,""video_dragon_product.webm""],[2,""video_dragon_support.webm""],[3,""video_dragon_breed.webm""],[5,""video_dragon_crownproduct.webm""]]",1,"[1002,20]",,[],[]
14153,dragon_name_14153,dragon_desc_14153,藤蔓龙3级,16,3,14154,dragon_cirrus_lv3_head,dragon_cirrus_lv3,dragon_cirrus_lv3,icon_dragon_attribute2,1,[2],2,3,1,1800,"[5017,600,9,27]",21.9,0.5,"[1002,1000]",3,22,[],[],220,3,E_dragon_assistance,0,0,"[[1,""video_dragon_product.webm""],[2,""video_dragon_support.webm""],[3,""video_dragon_breed.webm""],[5,""video_dragon_crownproduct.webm""]]",1,"[1002,30]",,[],[]
14154,dragon_name_14154,dragon_desc_14154,藤蔓龙4级,16,4,0,dragon_cirrus_lv4_head,dragon_cirrus_lv4,dragon_cirrus_lv4,icon_dragon_attribute2,1,[2],2,9,1,1800,"[5017,600,27,54]",21.9,0.5,"[1002,1000]",3,22,[],[],220,4,E_dragon_assistance_crown,1,16001,"[[1,""video_dragon_product.webm""],[2,""video_dragon_support.webm""],[3,""video_dragon_breed.webm""],[5,""video_dragon_crownproduct.webm""]]",1,"[1002,40]",,"[4,1,3]",[]
14161,dragon_name_14161,dragon_desc_14161,蓝莓龙1级,17,1,14162,dragon_blueberry_lv1_head,dragon_blueberry_lv1,dragon_blueberry_lv1,icon_dragon_attribute1,1,[1],1,0,0,1800,"[5003,600,1,3]",23.9,0.5,"[1002,100]",3,24,[],"[1002,850,1.3,15]",240,1,E_dragon_assistance,0,0,"[[1,""video_dragon_product.webm""],[2,""video_dragon_support.webm""],[3,""video_dragon_breed.webm""],[5,""video_dragon_crownproduct.webm""]]",1,"[1002,10]",35110,[],[]
14162,dragon_name_14162,dragon_desc_14162,蓝莓龙2级,17,2,14163,dragon_blueberry_lv2_head,dragon_blueberry_lv2,dragon_blueberry_lv2,icon_dragon_attribute1,1,[1],1,1,1,1800,"[5003,600,3,9]",23.9,0.5,"[1002,500]",3,24,[],[],240,2,E_dragon_assistance,0,0,"[[1,""video_dragon_product.webm""],[2,""video_dragon_support.webm""],[3,""video_dragon_breed.webm""],[5,""video_dragon_crownproduct.webm""]]",1,"[1002,20]",35110,[],[]
14163,dragon_name_14163,dragon_desc_14163,蓝莓龙3级,17,3,14164,dragon_blueberry_lv3_head,dragon_blueberry_lv3,dragon_blueberry_lv3,icon_dragon_attribute1,1,[1],1,3,1,1800,"[5003,600,9,27]",23.9,0.5,"[1002,1000]",3,24,[],[],240,0,E_dragon_assistance,0,0,"[[1,""video_dragon_product.webm""],[2,""video_dragon_support.webm""],[3,""video_dragon_breed.webm""],[5,""video_dragon_crownproduct.webm""]]",1,"[1002,30]",35110,[],[]
14164,dragon_name_14164,dragon_desc_14164,蓝莓龙4级,17,4,0,dragon_blueberry_lv4_head,dragon_blueberry_lv4,dragon_blueberry_lv4,icon_dragon_attribute1,1,[1],1,9,1,1800,"[5003,600,27,54]",23.9,0.5,"[1002,1000]",3,24,[],[],240,4,E_dragon_assistance_crown,1,17001,"[[1,""video_dragon_product.webm""],[2,""video_dragon_support.webm""],[3,""video_dragon_breed.webm""],[5,""video_dragon_crownproduct.webm""]]",1,"[1002,40]",35110,"[4,1,3]",[]
14171,dragon_name_14171,dragon_desc_14171,苹果龙1级,18,1,14172,dragon_apple_lv1_head,dragon_apple_lv1,dragon_apple_lv1,icon_dragon_attribute2,1,[2],2,0,0,1800,"[5004,1200,1,3]",25.9,0.5,"[1002,100]",3,26,[],"[1002,900,1.3,15]",260,1,E_dragon_assistance,0,0,"[[1,""video_dragon_product.webm""],[2,""video_dragon_support.webm""],[3,""video_dragon_breed.webm""],[5,""video_dragon_crownproduct.webm""]]",1,"[1002,10]",,[],[]
14172,dragon_name_14172,dragon_desc_14172,苹果龙2级,18,2,14173,dragon_apple_lv2_head,dragon_apple_lv2,dragon_apple_lv2,icon_dragon_attribute2,1,[2],2,1,1,1800,"[5004,1200,3,9]",25.9,0.5,"[1002,500]",3,26,[],[],260,2,E_dragon_assistance,0,0,"[[1,""video_dragon_product.webm""],[2,""video_dragon_support.webm""],[3,""video_dragon_breed.webm""],[5,""video_dragon_crownproduct.webm""]]",1,"[1002,20]",,[],[]
14173,dragon_name_14173,dragon_desc_14173,苹果龙3级,18,3,14174,dragon_apple_lv3_head,dragon_apple_lv3,dragon_apple_lv3,icon_dragon_attribute2,1,[2],2,3,1,1800,"[5004,1200,9,27]",25.9,0.5,"[1002,1000]",3,26,[],[],260,0,E_dragon_assistance,0,0,"[[1,""video_dragon_product.webm""],[2,""video_dragon_support.webm""],[3,""video_dragon_breed.webm""],[5,""video_dragon_crownproduct.webm""]]",1,"[1002,30]",,[],[]
14174,dragon_name_14174,dragon_desc_14174,苹果龙4级,18,4,0,dragon_apple_lv4_head,dragon_apple_lv4,dragon_apple_lv4,icon_dragon_attribute2,1,[2],2,9,1,1800,"[5004,1200,27,54]",25.9,0.5,"[1002,1000]",3,26,[],[],260,4,E_dragon_assistance_crown,1,18001,"[[1,""video_dragon_product.webm""],[2,""video_dragon_support.webm""],[3,""video_dragon_breed.webm""],[5,""video_dragon_crownproduct.webm""]]",1,"[1002,40]",,"[4,1,3]",[]
14181,dragon_name_14181,dragon_desc_14181,硬木龙1级,13,1,14182,dragon_hardwood_lv1_head,dragon_hardwood_lv1,dragon_hardwood_lv1,icon_dragon_attribute2,1,[2],2,0,0,1800,"[5015,600,1,3]",16.9,0.5,"[1002,100]",3,17,[],"[1002,600,1.3,15]",170,1,E_dragon_assistance,0,0,"[[1,""video_dragon_product.webm""],[2,""video_dragon_support.webm""],[3,""video_dragon_breed.webm""],[5,""video_dragon_crownproduct.webm""]]",1,"[1002,10]",,[],[]
14182,dragon_name_14182,dragon_desc_14182,硬木龙2级,13,2,14183,dragon_hardwood_lv2_head,dragon_hardwood_lv2,dragon_hardwood_lv2,icon_dragon_attribute2,1,[2],2,1,1,1800,"[5015,600,3,9]",16.9,0.5,"[1002,500]",3,17,[],[],170,2,E_dragon_assistance,0,0,"[[1,""video_dragon_product.webm""],[2,""video_dragon_support.webm""],[3,""video_dragon_breed.webm""],[5,""video_dragon_crownproduct.webm""]]",1,"[1002,20]",,[],[]
14183,dragon_name_14183,dragon_desc_14183,硬木龙3级,13,3,14184,dragon_hardwood_lv3_head,dragon_hardwood_lv3,dragon_hardwood_lv3,icon_dragon_attribute2,1,[2],2,3,1,1800,"[5015,600,9,27]",16.9,0.5,"[1002,1000]",3,17,[],[],170,0,E_dragon_assistance,0,0,"[[1,""video_dragon_product.webm""],[2,""video_dragon_support.webm""],[3,""video_dragon_breed.webm""],[5,""video_dragon_crownproduct.webm""]]",1,"[1002,30]",,[],[]
14184,dragon_name_14184,dragon_desc_14184,硬木龙4级,13,4,0,dragon_hardwood_lv4_head,dragon_hardwood_lv4,dragon_hardwood_lv4,icon_dragon_attribute2,1,[2],2,9,1,1800,"[5015,600,27,54]",16.9,0.5,"[1002,1000]",3,17,[],[],170,4,E_dragon_assistance_crown,1,13001,"[[1,""video_dragon_product.webm""],[2,""video_dragon_support.webm""],[3,""video_dragon_breed.webm""],[5,""video_dragon_crownproduct.webm""]]",1,"[1002,40]",,"[4,1,3]",[]
14191,dragon_name_14191,dragon_desc_14191,钻石龙1级,20,1,14192,dragon_diamond_lv1_head,dragon_diamond_lv1,dragon_diamond_lv1,icon_dragon_attribute4,1,[4],4,0,0,1800,"[5022,5400,1,3]",29.95,0.5,"[1002,100]",3,30,[],"[1002,1000,1.3,15]",300,1,E_dragon_assistance,0,0,"[[1,""video_dragon_product.webm""],[2,""video_dragon_support.webm""],[3,""video_dragon_breed.webm""],[5,""video_dragon_crownproduct.webm""]]",1,"[1002,10]",35113,[],[]
14192,dragon_name_14192,dragon_desc_14192,钻石龙2级,20,2,14193,dragon_diamond_lv2_head,dragon_diamond_lv2,dragon_diamond_lv2,icon_dragon_attribute4,1,[4],4,1,1,1800,"[5022,5400,3,9]",29.95,0.5,"[1002,500]",3,30,[],[],300,2,E_dragon_assistance,0,0,"[[1,""video_dragon_product.webm""],[2,""video_dragon_support.webm""],[3,""video_dragon_breed.webm""],[5,""video_dragon_crownproduct.webm""]]",1,"[1002,20]",35113,[],[]
14193,dragon_name_14193,dragon_desc_14193,钻石龙3级,20,3,14194,dragon_diamond_lv3_head,dragon_diamond_lv3,dragon_diamond_lv3,icon_dragon_attribute4,1,[4],4,3,1,1800,"[5022,5400,9,27]",29.95,0.5,"[1002,1000]",3,30,[],[],300,0,E_dragon_assistance,0,0,"[[1,""video_dragon_product.webm""],[2,""video_dragon_support.webm""],[3,""video_dragon_breed.webm""],[5,""video_dragon_crownproduct.webm""]]",1,"[1002,30]",35113,[],[]
14194,dragon_name_14194,dragon_desc_14194,钻石龙4级,20,4,0,dragon_diamond_lv4_head,dragon_diamond_lv4,dragon_diamond_lv4,icon_dragon_attribute4,1,[4],4,9,1,1800,"[5022,5400,27,54]",29.95,0.5,"[1002,1000]",3,30,[],[],300,4,E_dragon_assistance_crown,1,20001,"[[1,""video_dragon_product.webm""],[2,""video_dragon_support.webm""],[3,""video_dragon_breed.webm""],[5,""video_dragon_crownproduct.webm""]]",1,"[1002,40]",35113,"[4,1,3]",[]
14201,dragon_name_14201,dragon_desc_14201,蓝宝石龙1级,21,1,14202,dragon_sapphire_lv1_head,dragon_sapphire_lv1,dragon_sapphire_lv1,icon_dragon_attribute4,1,[4],4,0,0,1800,"[5020,3000,1,3]",31.95,0.5,"[1002,100]",3,32,[],"[1002,1050,1.3,15]",320,1,E_dragon_assistance,0,0,"[[1,""video_dragon_product.webm""],[2,""video_dragon_support.webm""],[3,""video_dragon_breed.webm""],[5,""video_dragon_crownproduct.webm""]]",1,"[1002,10]",35113,[],[]
14202,dragon_name_14202,dragon_desc_14202,蓝宝石龙2级,21,2,14203,dragon_sapphire_lv2_head,dragon_sapphire_lv2,dragon_sapphire_lv2,icon_dragon_attribute4,1,[4],4,1,1,1800,"[5020,3000,3,9]",31.95,0.5,"[1002,500]",3,32,[],[],320,2,E_dragon_assistance,0,0,"[[1,""video_dragon_product.webm""],[2,""video_dragon_support.webm""],[3,""video_dragon_breed.webm""],[5,""video_dragon_crownproduct.webm""]]",1,"[1002,20]",35113,[],[]
14203,dragon_name_14203,dragon_desc_14203,蓝宝石龙3级,21,3,14204,dragon_sapphire_lv3_head,dragon_sapphire_lv3,dragon_sapphire_lv3,icon_dragon_attribute4,1,[4],4,3,1,1800,"[5020,3000,9,27]",31.95,0.5,"[1002,1000]",3,32,[],[],320,0,E_dragon_assistance,0,0,"[[1,""video_dragon_product.webm""],[2,""video_dragon_support.webm""],[3,""video_dragon_breed.webm""],[5,""video_dragon_crownproduct.webm""]]",1,"[1002,30]",35113,[],[]
14204,dragon_name_14204,dragon_desc_14204,蓝宝石龙4级,21,4,0,dragon_sapphire_lv4_head,dragon_sapphire_lv4,dragon_sapphire_lv4,icon_dragon_attribute4,1,[4],4,9,1,1800,"[5020,3000,27,54]",31.95,0.5,"[1002,1000]",3,32,[],[],320,4,E_dragon_assistance_crown,1,21001,"[[1,""video_dragon_product.webm""],[2,""video_dragon_support.webm""],[3,""video_dragon_breed.webm""],[5,""video_dragon_crownproduct.webm""]]",1,"[1002,40]",35113,"[4,1,3]",[]
14211,dragon_name_14211,dragon_desc_14211,绿宝石龙1级,22,1,14212,dragon_emerald_lv1_head,dragon_emerald_lv1,dragon_emerald_lv1,icon_dragon_attribute4,1,[4],4,0,0,1800,"[5021,2400,1,3]",33.95,0.5,"[1002,100]",3,34,[],"[1002,1100,1.3,15]",340,1,E_dragon_assistance,0,0,"[[1,""video_dragon_product.webm""],[2,""video_dragon_support.webm""],[3,""video_dragon_breed.webm""],[5,""video_dragon_crownproduct.webm""]]",1,"[1002,10]",35113,[],[]
14212,dragon_name_14212,dragon_desc_14212,绿宝石龙2级,22,2,14213,dragon_emerald_lv2_head,dragon_emerald_lv2,dragon_emerald_lv2,icon_dragon_attribute4,1,[4],4,1,1,1800,"[5021,2400,3,9]",33.95,0.5,"[1002,500]",3,34,[],[],340,2,E_dragon_assistance,0,0,"[[1,""video_dragon_product.webm""],[2,""video_dragon_support.webm""],[3,""video_dragon_breed.webm""],[5,""video_dragon_crownproduct.webm""]]",1,"[1002,20]",35113,[],[]
14213,dragon_name_14213,dragon_desc_14213,绿宝石龙3级,22,3,14214,dragon_emerald_lv3_head,dragon_emerald_lv3,dragon_emerald_lv3,icon_dragon_attribute4,1,[4],4,3,1,1800,"[5021,2400,9,27]",33.95,0.5,"[1002,1000]",3,34,[],[],340,0,E_dragon_assistance,0,0,"[[1,""video_dragon_product.webm""],[2,""video_dragon_support.webm""],[3,""video_dragon_breed.webm""],[5,""video_dragon_crownproduct.webm""]]",1,"[1002,30]",35113,[],[]
14214,dragon_name_14214,dragon_desc_14214,绿宝石龙4级,22,4,0,dragon_emerald_lv4_head,dragon_emerald_lv4,dragon_emerald_lv4,icon_dragon_attribute4,1,[4],4,9,1,1800,"[5021,2400,27,54]",33.95,0.5,"[1002,1000]",3,34,[],[],340,4,E_dragon_assistance_crown,1,22001,"[[1,""video_dragon_product.webm""],[2,""video_dragon_support.webm""],[3,""video_dragon_breed.webm""],[5,""video_dragon_crownproduct.webm""]]",1,"[1002,40]",35113,"[4,1,3]",[]
141001,dragon_name_141001,dragon_desc_141001,面粉龙1级,100,1,141002,dragon_flour_lv1_head,dragon_flour_lv1,dragon_flour_lv1,icon_dragon_attribute2,2,[2],2,0,0,1800,"[3001,5400,1,3]",8,0.5,"[1002,1000]",2,0,"[1,5]",[],900,1,E_dragon_assistance,0,0,"[[1,""video_dragon_product.webm""],[2,""video_dragon_support.webm""],[3,""video_dragon_breed.webm""],[5,""video_dragon_crownproduct.webm""]]",1,"[1002,10]",,[],[]
141002,dragon_name_141002,dragon_desc_141002,面粉龙2级,100,2,141003,dragon_flour_lv2_head,dragon_flour_lv2,dragon_flour_lv2,icon_dragon_attribute2,2,[2],2,5,1,1800,"[3001,5400,3,9]",8,0.5,"[1002,2000]",2,0,[],[],900,2,E_dragon_assistance,0,0,"[[1,""video_dragon_product.webm""],[2,""video_dragon_support.webm""],[3,""video_dragon_breed.webm""],[5,""video_dragon_crownproduct.webm""]]",1,"[1002,20]",,[],[]
141003,dragon_name_141003,dragon_desc_141003,面粉龙3级,100,3,141004,dragon_flour_lv3_head,dragon_flour_lv3,dragon_flour_lv3,icon_dragon_attribute2,2,[2],2,15,1,1800,"[3001,5400,9,27]",8,0.5,"[1002,5000]",2,0,[],[],900,3,E_dragon_assistance,0,0,"[[1,""video_dragon_product.webm""],[2,""video_dragon_support.webm""],[3,""video_dragon_breed.webm""],[5,""video_dragon_crownproduct.webm""]]",1,"[1002,30]",,[],[]
141004,dragon_name_141004,dragon_desc_141004,面粉龙4级,100,4,0,dragon_flour_lv4_head,dragon_flour_lv4,dragon_flour_lv4,icon_dragon_attribute2,2,[2],2,45,1,1800,"[3001,5400,27,54]",8,0.5,"[1002,5000]",2,0,[],[],900,4,E_dragon_assistance_crown,1,100001,"[[1,""video_dragon_product.webm""],[2,""video_dragon_support.webm""],[3,""video_dragon_breed.webm""],[5,""video_dragon_crownproduct.webm""]]",1,"[1002,40]",,"[3,1,3]",[]
141011,dragon_name_141011,dragon_desc_141011,铜锭龙1级,101,1,141012,dragon_copperIngot_lv1_head,dragon_copperIngot_lv1,dragon_copperIngot_lv1,icon_dragon_attribute4,2,[4],4,0,0,1800,"[3010,14400,1,3]",10,0.5,"[1002,1000]",2,0,"[2,4]",[],1100,1,E_dragon_assistance,0,0,"[[1,""video_dragon_product.webm""],[2,""video_dragon_support.webm""],[3,""video_dragon_breed.webm""],[5,""video_dragon_crownproduct.webm""]]",1,"[1002,10]",,[],[]
141012,dragon_name_141012,dragon_desc_141012,铜锭龙2级,101,2,141013,dragon_copperIngot_lv2_head,dragon_copperIngot_lv2,dragon_copperIngot_lv2,icon_dragon_attribute4,2,[4],4,5,1,1800,"[3010,14400,3,9]",10,0.5,"[1002,2000]",2,0,[],[],1100,2,E_dragon_assistance,0,0,"[[1,""video_dragon_product.webm""],[2,""video_dragon_support.webm""],[3,""video_dragon_breed.webm""],[5,""video_dragon_crownproduct.webm""]]",1,"[1002,20]",,[],[]
141013,dragon_name_141013,dragon_desc_141013,铜锭龙3级,101,3,141014,dragon_copperIngot_lv3_head,dragon_copperIngot_lv3,dragon_copperIngot_lv3,icon_dragon_attribute4,2,[4],4,15,1,1800,"[3010,14400,9,27]",10,0.5,"[1002,5000]",2,0,[],[],1100,0,E_dragon_assistance,0,0,"[[1,""video_dragon_product.webm""],[2,""video_dragon_support.webm""],[3,""video_dragon_breed.webm""],[5,""video_dragon_crownproduct.webm""]]",1,"[1002,30]",,[],[]
141014,dragon_name_141014,dragon_desc_141014,铜锭龙4级,101,4,0,dragon_copperIngot_lv4_head,dragon_copperIngot_lv4,dragon_copperIngot_lv4,icon_dragon_attribute4,2,[4],4,45,1,1800,"[3010,14400,27,54]",10,0.5,"[1002,5000]",2,0,[],[],1100,4,E_dragon_assistance_crown,1,101001,"[[1,""video_dragon_product.webm""],[2,""video_dragon_support.webm""],[3,""video_dragon_breed.webm""],[5,""video_dragon_crownproduct.webm""]]",1,"[1002,40]",,"[3,1,3]",[]
141021,dragon_name_141021,dragon_desc_141021,奶油龙1级,102,1,141022,dragon_cream_lv1_head,dragon_cream_lv1,dragon_cream_lv1,icon_dragon_attribute1,2,[1],1,0,0,1800,"[3002,7200,1,3]",11,0.5,"[1002,1000]",2,0,"[8,10]",[],1300,1,E_dragon_assistance,0,0,"[[1,""video_dragon_product.webm""],[2,""video_dragon_support.webm""],[3,""video_dragon_breed.webm""],[5,""video_dragon_crownproduct.webm""]]",1,"[1002,10]",,[],[]
141022,dragon_name_141022,dragon_desc_141022,奶油龙2级,102,2,141023,dragon_cream_lv2_head,dragon_cream_lv2,dragon_cream_lv2,icon_dragon_attribute1,2,[1],1,5,1,1800,"[3002,7200,3,9]",11,0.5,"[1002,2000]",2,0,[],[],1300,2,E_dragon_assistance,0,0,"[[1,""video_dragon_product.webm""],[2,""video_dragon_support.webm""],[3,""video_dragon_breed.webm""],[5,""video_dragon_crownproduct.webm""]]",1,"[1002,20]",,[],[]
141023,dragon_name_141023,dragon_desc_141023,奶油龙3级,102,3,141024,dragon_cream_lv3_head,dragon_cream_lv3,dragon_cream_lv3,icon_dragon_attribute1,2,[1],1,15,1,1800,"[3002,7200,9,27]",11,0.5,"[1002,5000]",2,0,[],[],1300,0,E_dragon_assistance,0,0,"[[1,""video_dragon_product.webm""],[2,""video_dragon_support.webm""],[3,""video_dragon_breed.webm""],[5,""video_dragon_crownproduct.webm""]]",1,"[1002,30]",,[],[]
141024,dragon_name_141024,dragon_desc_141024,奶油龙4级,102,4,0,dragon_cream_lv4_head,dragon_cream_lv4,dragon_cream_lv4,icon_dragon_attribute1,2,[1],1,45,1,1800,"[3002,7200,27,54]",11,0.5,"[1002,5000]",2,0,[],[],1300,4,E_dragon_assistance_crown,1,102001,"[[1,""video_dragon_product.webm""],[2,""video_dragon_support.webm""],[3,""video_dragon_breed.webm""],[5,""video_dragon_crownproduct.webm""]]",1,"[1002,40]",,"[3,1,3]",[]
141031,dragon_name_141031,dragon_desc_141031,面团龙1级,103,1,141032,dragon_dough_lv1_head,dragon_dough_lv1,dragon_daigh_lv1,icon_dragon_attribute1,3,[1],1,0,0,1800,"[3015,14400,1,3]",11,0.5,"[1002,1000]",4,3,"[1,9]","[1004,100,1,999]",1500,1,E_dragon_assistance,0,0,"[[1,""video_dragon_product.webm""],[2,""video_dragon_support.webm""],[3,""video_dragon_breed.webm""],[5,""video_dragon_crownproduct.webm""]]",1,"[1002,10]",,[],"[""2021-12-23 19:00:00"",""2021-12-17 19:00:00""]"
141032,dragon_name_141032,dragon_desc_141032,面团龙2级,103,2,141033,dragon_dough_lv2_head,dragon_dough_lv2,dragon_daigh_lv2,icon_dragon_attribute1,3,[1],1,5,1,1800,"[3015,14400,3,9]",11,0.5,"[1002,2000]",4,0,[],[],1500,2,E_dragon_assistance,0,0,"[[1,""video_dragon_product.webm""],[2,""video_dragon_support.webm""],[3,""video_dragon_breed.webm""],[5,""video_dragon_crownproduct.webm""]]",1,"[1002,20]",,[],[]
141033,dragon_name_141033,dragon_desc_141033,面团龙3级,103,3,141034,dragon_dough_lv3_head,dragon_dough_lv3,dragon_daigh_lv3,icon_dragon_attribute1,3,[1],1,15,1,1800,"[3015,14400,9,27]",11,0.5,"[1002,5000]",4,0,[],[],1500,0,E_dragon_assistance,0,0,"[[1,""video_dragon_product.webm""],[2,""video_dragon_support.webm""],[3,""video_dragon_breed.webm""],[5,""video_dragon_crownproduct.webm""]]",1,"[1002,30]",,[],[]
141034,dragon_name_141034,dragon_desc_141034,面团龙4级,103,4,0,dragon_dough_lv4_head,dragon_dough_lv4,dragon_daigh_lv4,icon_dragon_attribute1,3,[1],1,45,1,1800,"[3015,14400,27,54]",11,0.5,"[1002,5000]",4,0,[],[],1500,4,E_dragon_assistance_crown,1,102001,"[[1,""video_dragon_product.webm""],[2,""video_dragon_support.webm""],[3,""video_dragon_breed.webm""],[5,""video_dragon_crownproduct.webm""]]",1,"[1002,40]",,"[2,1,3]",[]
141041,dragon_name_141041,dragon_desc_141041,大理石龙1级,104,1,141042,dragon_marble_lv1_head,dragon_marble_lv1,dragon_marble_lv1,icon_dragon_attribute3,2,[3],3,0,0,1800,"[3008,10800,1,3]",27.95,0.5,"[1002,1000]",2,0,"[9,14]",[],1400,1,E_dragon_assistance,0,0,"[[1,""video_dragon_product.webm""],[2,""video_dragon_support.webm""],[3,""video_dragon_breed.webm""],[5,""video_dragon_crownproduct.webm""]]",1,"[1002,10]",,[],[]
141042,dragon_name_141042,dragon_desc_141042,大理石龙2级,104,2,141043,dragon_marble_lv2_head,dragon_marble_lv2,dragon_marble_lv2,icon_dragon_attribute3,2,[3],3,5,1,1800,"[3008,10800,3,9]",27.95,0.5,"[1002,2000]",2,0,[],[],1400,2,E_dragon_assistance,0,0,"[[1,""video_dragon_product.webm""],[2,""video_dragon_support.webm""],[3,""video_dragon_breed.webm""],[5,""video_dragon_crownproduct.webm""]]",1,"[1002,20]",,[],[]
141043,dragon_name_141043,dragon_desc_141043,大理石龙3级,104,3,141044,dragon_marble_lv3_head,dragon_marble_lv3,dragon_marble_lv3,icon_dragon_attribute3,2,[3],3,15,1,1800,"[3008,10800,9,27]",27.95,0.5,"[1002,5000]",2,0,[],[],1400,0,E_dragon_assistance,0,0,"[[1,""video_dragon_product.webm""],[2,""video_dragon_support.webm""],[3,""video_dragon_breed.webm""],[5,""video_dragon_crownproduct.webm""]]",1,"[1002,30]",,[],[]
141044,dragon_name_141044,dragon_desc_141044,大理石龙4级,104,4,0,dragon_marble_lv4_head,dragon_marble_lv4,dragon_marble_lv4,icon_dragon_attribute3,2,[3],3,45,1,1800,"[3008,10800,27,54]",27.95,0.5,"[1002,5000]",2,0,[],[],1400,4,E_dragon_assistance_crown,1,102001,"[[1,""video_dragon_product.webm""],[2,""video_dragon_support.webm""],[3,""video_dragon_breed.webm""],[5,""video_dragon_crownproduct.webm""]]",1,"[1002,40]",,"[3,1,3]",[]
141051,dragon_name_141051,dragon_desc_141051,糖果龙1级,105,1,141052,dragon_candies_lv1_head,dragon_candies_lv1,dragon_candies_lv1,icon_dragon_attribute2,3,[2],2,0,0,1800,"[3003,6000,1,3]",14,0.5,"[1002,1000]",4,100,[],[],1600,1,E_dragon_assistance,0,0,"[[1,""video_dragon_product.webm""],[2,""video_dragon_support.webm""],[3,""video_dragon_breed.webm""],[5,""video_dragon_crownproduct.webm""]]",1,"[1002,10]",,[],"[""2021-12-29 19:00:00"",""2021-12-23 19:00:00""]"
141052,dragon_name_141052,dragon_desc_141052,糖果龙2级,105,2,141053,dragon_candies_lv2_head,dragon_candies_lv2,dragon_candies_lv2,icon_dragon_attribute2,3,[2],2,5,1,1800,"[3003,6000,3,9]",14,0.5,"[1002,2000]",4,0,[],[],1600,2,E_dragon_assistance,0,0,"[[1,""video_dragon_product.webm""],[2,""video_dragon_support.webm""],[3,""video_dragon_breed.webm""],[5,""video_dragon_crownproduct.webm""]]",1,"[1002,20]",,[],[]
141053,dragon_name_141053,dragon_desc_141053,糖果龙3级,105,3,141054,dragon_candies_lv3_head,dragon_candies_lv3,dragon_candies_lv3,icon_dragon_attribute2,3,[2],2,15,1,1800,"[3003,6000,9,27]",14,0.5,"[1002,5000]",4,0,[],[],1600,0,E_dragon_assistance,0,0,"[[1,""video_dragon_product.webm""],[2,""video_dragon_support.webm""],[3,""video_dragon_breed.webm""],[5,""video_dragon_crownproduct.webm""]]",1,"[1002,30]",,[],[]
141054,dragon_name_141054,dragon_desc_141054,糖果龙4级,105,4,0,dragon_candies_lv4_head,dragon_candies_lv4,dragon_candies_lv4,icon_dragon_attribute2,3,[2],2,45,1,1800,"[3003,6000,27,54]",14,0.5,"[1002,5000]",4,0,[],[],1600,4,E_dragon_assistance_crown,1,105001,"[[1,""video_dragon_product.webm""],[2,""video_dragon_support.webm""],[3,""video_dragon_breed.webm""],[5,""video_dragon_crownproduct.webm""]]",1,"[1002,40]",,"[2,1,3]",[]
141061,dragon_name_141061,dragon_desc_141061,毛线龙1级,106,1,141062,dragon_woolenyarn_lv1_head,dragon_woolenyarn_lv1,dragon_woolenyarn_lv1,icon_dragon_attribute2,2,[2],2,0,0,1800,"[3013,10800,1,3]",22,0.5,"[1002,1000]",2,0,"[15,16]",[],1700,1,E_dragon_assistance,0,0,"[[1,""video_dragon_product.webm""],[2,""video_dragon_support.webm""],[3,""video_dragon_breed.webm""],[5,""video_dragon_crownproduct.webm""]]",1,"[1002,10]",,[],[]
141062,dragon_name_141062,dragon_desc_141062,毛线龙2级,106,2,141063,dragon_woolenyarn_lv2_head,dragon_woolenyarn_lv2,dragon_woolenyarn_lv2,icon_dragon_attribute2,2,[2],2,5,1,1800,"[3013,10800,3,9]",22,0.5,"[1002,2000]",2,0,[],[],1700,2,E_dragon_assistance,0,0,"[[1,""video_dragon_product.webm""],[2,""video_dragon_support.webm""],[3,""video_dragon_breed.webm""],[5,""video_dragon_crownproduct.webm""]]",1,"[1002,20]",,[],[]
141063,dragon_name_141063,dragon_desc_141063,毛线龙3级,106,3,141064,dragon_woolenyarn_lv3_head,dragon_woolenyarn_lv3,dragon_woolenyarn_lv3,icon_dragon_attribute2,2,[2],2,15,1,1800,"[3013,10800,9,27]",22,0.5,"[1002,5000]",2,0,[],[],1700,0,E_dragon_assistance,0,0,"[[1,""video_dragon_product.webm""],[2,""video_dragon_support.webm""],[3,""video_dragon_breed.webm""],[5,""video_dragon_crownproduct.webm""]]",1,"[1002,30]",,[],[]
141064,dragon_name_141064,dragon_desc_141064,毛线龙4级,106,4,0,dragon_woolenyarn_lv4_head,dragon_woolenyarn_lv4,dragon_woolenyarn_lv4,icon_dragon_attribute2,2,[2],2,45,1,1800,"[3013,10800,27,54]",22,0.5,"[1002,5000]",2,0,[],[],1700,4,E_dragon_assistance_crown,1,106001,"[[1,""video_dragon_product.webm""],[2,""video_dragon_support.webm""],[3,""video_dragon_breed.webm""],[5,""video_dragon_crownproduct.webm""]]",1,"[1002,40]",,"[3,1,3]",[]
141071,dragon_name_141071,dragon_desc_141071,金锭龙1级,107,1,141072,dragon_goldingot_lv1_head,dragon_goldingot_lv1,dragon_goldingot_lv1,icon_dragon_attribute4,2,[4],4,0,0,1800,"[3012,21600,1,3]",18,0.5,"[1002,1000]",2,0,"[4,12]",[],1800,1,E_dragon_assistance,0,0,"[[1,""video_dragon_product.webm""],[2,""video_dragon_support.webm""],[3,""video_dragon_breed.webm""],[5,""video_dragon_crownproduct.webm""]]",1,"[1002,10]",,[],[]
141072,dragon_name_141072,dragon_desc_141072,金锭龙2级,107,2,141073,dragon_goldingot_lv2_head,dragon_goldingot_lv2,dragon_goldingot_lv2,icon_dragon_attribute4,2,[4],4,5,1,1800,"[3012,21600,3,9]",18,0.5,"[1002,2000]",2,0,[],[],1800,2,E_dragon_assistance,0,0,"[[1,""video_dragon_product.webm""],[2,""video_dragon_support.webm""],[3,""video_dragon_breed.webm""],[5,""video_dragon_crownproduct.webm""]]",1,"[1002,20]",,[],[]
141073,dragon_name_141073,dragon_desc_141073,金锭龙3级,107,3,141074,dragon_goldingot_lv3_head,dragon_goldingot_lv3,dragon_goldingot_lv3,icon_dragon_attribute4,2,[4],4,15,1,1800,"[3012,21600,9,27]",18,0.5,"[1002,5000]",2,0,[],[],1800,0,E_dragon_assistance,0,0,"[[1,""video_dragon_product.webm""],[2,""video_dragon_support.webm""],[3,""video_dragon_breed.webm""],[5,""video_dragon_crownproduct.webm""]]",1,"[1002,30]",,[],[]
141074,dragon_name_141074,dragon_desc_141074,金锭龙4级,107,4,0,dragon_goldingot_lv4_head,dragon_goldingot_lv4,dragon_goldingot_lv4,icon_dragon_attribute4,2,[4],4,45,1,1800,"[3012,21600,27,54]",18,0.5,"[1002,5000]",2,0,[],[],1800,4,E_dragon_assistance_crown,1,107001,"[[1,""video_dragon_product.webm""],[2,""video_dragon_support.webm""],[3,""video_dragon_breed.webm""],[5,""video_dragon_crownproduct.webm""]]",1,"[1002,40]",,"[3,1,3]",[]
141081,dragon_name_141081,dragon_desc_141081,银锭龙1级,108,1,141082,dragon_steelchain_lv1_head,dragon_steelchain_lv1,dragon_steelchain_lv1,icon_dragon_attribute4,2,[4],4,0,0,1800,"[3011,14400,1,3]",15,0.5,"[1002,1000]",2,0,"[4,11]",[],1900,1,E_dragon_assistance,0,0,"[[1,""video_dragon_product.webm""],[2,""video_dragon_support.webm""],[3,""video_dragon_breed.webm""],[5,""video_dragon_crownproduct.webm""]]",1,"[1002,10]",,[],[]
141082,dragon_name_141082,dragon_desc_141082,银锭龙2级,108,2,141083,dragon_steelchain_lv2_head,dragon_steelchain_lv2,dragon_steelchain_lv2,icon_dragon_attribute4,2,[4],4,5,1,1800,"[3011,14400,3,9]",15,0.5,"[1002,2000]",2,0,[],[],1900,2,E_dragon_assistance,0,0,"[[1,""video_dragon_product.webm""],[2,""video_dragon_support.webm""],[3,""video_dragon_breed.webm""],[5,""video_dragon_crownproduct.webm""]]",1,"[1002,20]",,[],[]
141083,dragon_name_141083,dragon_desc_141083,银锭龙3级,108,3,141084,dragon_steelchain_lv3_head,dragon_steelchain_lv3,dragon_steelchain_lv3,icon_dragon_attribute4,2,[4],4,15,1,1800,"[3011,14400,9,27]",15,0.5,"[1002,5000]",2,0,[],[],1900,0,E_dragon_assistance,0,0,"[[1,""video_dragon_product.webm""],[2,""video_dragon_support.webm""],[3,""video_dragon_breed.webm""],[5,""video_dragon_crownproduct.webm""]]",1,"[1002,30]",,[],[]
141084,dragon_name_141084,dragon_desc_141084,银锭龙4级,108,4,0,dragon_steelchain_lv4_head,dragon_steelchain_lv4,dragon_steelchain_lv4,icon_dragon_attribute4,2,[4],4,45,1,1800,"[3011,14400,27,54]",15,0.5,"[1002,5000]",2,0,[],[],1900,4,E_dragon_assistance_crown,1,108001,"[[1,""video_dragon_product.webm""],[2,""video_dragon_support.webm""],[3,""video_dragon_breed.webm""],[5,""video_dragon_crownproduct.webm""]]",1,"[1002,40]",,"[3,1,3]",[]
141091,dragon_name_141091,dragon_desc_141091,细沙龙1级,109,1,141092,dragon_silversand_lv1_head,dragon_silversand_lv1,dragon_silversand_lv1,icon_dragon_attribute3,2,[3],3,0,0,1800,"[3007,7200,1,3]",12,0.5,"[1002,1000]",2,0,"[6,9]",[],2000,1,E_dragon_assistance,0,0,"[[1,""video_dragon_product.webm""],[2,""video_dragon_support.webm""],[3,""video_dragon_breed.webm""],[5,""video_dragon_crownproduct.webm""]]",1,"[1002,10]",,[],[]
141092,dragon_name_141092,dragon_desc_141092,细沙龙2级,109,2,141093,dragon_silversand_lv2_head,dragon_silversand_lv2,dragon_silversand_lv2,icon_dragon_attribute3,2,[3],3,5,1,1800,"[3007,7200,3,9]",12,0.5,"[1002,2000]",2,0,[],[],2000,2,E_dragon_assistance,0,0,"[[1,""video_dragon_product.webm""],[2,""video_dragon_support.webm""],[3,""video_dragon_breed.webm""],[5,""video_dragon_crownproduct.webm""]]",1,"[1002,20]",,[],[]
141093,dragon_name_141093,dragon_desc_141093,细沙龙3级,109,3,141094,dragon_silversand_lv3_head,dragon_silversand_lv3,dragon_silversand_lv3,icon_dragon_attribute3,2,[3],3,15,1,1800,"[3007,7200,9,27]",12,0.5,"[1002,5000]",2,0,[],[],2000,0,E_dragon_assistance,0,0,"[[1,""video_dragon_product.webm""],[2,""video_dragon_support.webm""],[3,""video_dragon_breed.webm""],[5,""video_dragon_crownproduct.webm""]]",1,"[1002,30]",,[],[]
141094,dragon_name_141094,dragon_desc_141094,细沙龙4级,109,4,0,dragon_silversand_lv4_head,dragon_silversand_lv4,dragon_silversand_lv4,icon_dragon_attribute3,2,[3],3,45,1,1800,"[3007,7200,27,54]",12,0.5,"[1002,5000]",2,0,[],[],2000,4,E_dragon_assistance_crown,1,109001,"[[1,""video_dragon_product.webm""],[2,""video_dragon_support.webm""],[3,""video_dragon_breed.webm""],[5,""video_dragon_crownproduct.webm""]]",1,"[1002,40]",,"[3,1,3]",[]
141101,dragon_name_141101,dragon_desc_141101,橡胶龙1级,110,1,141102,dragon_rubber_lv1_head,dragon_rubber_lv1,dragon_rubber_lv1,icon_dragon_attribute2,3,[2],2,0,0,1800,"[3017,14400,1,3]",8,0.5,"[1002,1000]",4,101,[],[],3000,1,E_dragon_assistance,0,0,"[[1,""video_dragon_product.webm""],[2,""video_dragon_support.webm""],[3,""video_dragon_breed.webm""],[5,""video_dragon_crownproduct.webm""]]",1,"[1002,10]",,[],"[""2022-2-15 19:00:00"",""2022-2-8 19:00:00""]"
141102,dragon_name_141102,dragon_desc_141102,橡胶龙2级,110,2,141103,dragon_rubber_lv2_head,dragon_rubber_lv2,dragon_rubber_lv2,icon_dragon_attribute2,3,[2],2,5,1,1800,"[3017,14400,3,9]",8,0.5,"[1002,2000]",4,0,[],[],3000,2,E_dragon_assistance,0,0,"[[1,""video_dragon_product.webm""],[2,""video_dragon_support.webm""],[3,""video_dragon_breed.webm""],[5,""video_dragon_crownproduct.webm""]]",1,"[1002,20]",,[],[]
141103,dragon_name_141103,dragon_desc_141103,橡胶龙3级,110,3,141104,dragon_rubber_lv3_head,dragon_rubber_lv3,dragon_rubber_lv3,icon_dragon_attribute2,3,[2],2,15,1,1800,"[3017,14400,9,27]",8,0.5,"[1002,5000]",4,0,[],[],3000,0,E_dragon_assistance,0,0,"[[1,""video_dragon_product.webm""],[2,""video_dragon_support.webm""],[3,""video_dragon_breed.webm""],[5,""video_dragon_crownproduct.webm""]]",1,"[1002,30]",,[],[]
141104,dragon_name_141104,dragon_desc_141104,橡胶龙4级,110,4,0,dragon_rubber_lv4_head,dragon_rubber_lv4,dragon_rubber_lv4,icon_dragon_attribute2,3,[2],2,45,1,1800,"[3017,14400,27,54]",8,0.5,"[1002,5000]",4,0,[],[],3000,4,E_dragon_assistance_crown,1,110001,"[[1,""video_dragon_product.webm""],[2,""video_dragon_support.webm""],[3,""video_dragon_breed.webm""],[5,""video_dragon_crownproduct.webm""]]",1,"[1002,40]",,"[2,1,3]",[]
141201,dragon_name_141201,dragon_desc_141201,棉线龙1级,111,1,141202,dragon_rubber_lv1_head,dragon_rubber_lv1,dragon_cottonthread_lv1,icon_dragon_attribute1,2,[1],1,0,0,1800,"[3014,10800,1,3]",22,0.5,"[1002,1000]",2,0,"[5,15]",[],2100,1,E_dragon_assistance,0,0,"[[1,""video_dragon_product.webm""],[2,""video_dragon_support.webm""],[3,""video_dragon_breed.webm""],[5,""video_dragon_crownproduct.webm""]]",1,"[1002,40]",,[],[]
141202,dragon_name_141202,dragon_desc_141202,棉线龙2级,111,2,141203,dragon_rubber_lv2_head,dragon_rubber_lv2,dragon_cottonthread_lv2,icon_dragon_attribute1,2,[1],1,5,1,1800,"[3014,10800,3,9]",22,0.5,"[1002,2000]",2,0,[],[],2100,2,E_dragon_assistance,0,0,"[[1,""video_dragon_product.webm""],[2,""video_dragon_support.webm""],[3,""video_dragon_breed.webm""],[5,""video_dragon_crownproduct.webm""]]",1,"[1002,10]",,[],[]
141203,dragon_name_141203,dragon_desc_141203,棉线龙3级,111,3,141204,dragon_rubber_lv3_head,dragon_rubber_lv3,dragon_cottonthread_lv3,icon_dragon_attribute1,2,[1],1,15,1,1800,"[3014,10800,9,27]",22,0.5,"[1002,5000]",2,0,[],[],2100,0,E_dragon_assistance,0,0,"[[1,""video_dragon_product.webm""],[2,""video_dragon_support.webm""],[3,""video_dragon_breed.webm""],[5,""video_dragon_crownproduct.webm""]]",1,"[1002,20]",,[],[]
141204,dragon_name_141204,dragon_desc_141204,棉线龙4级,111,4,0,dragon_rubber_lv4_head,dragon_rubber_lv4,dragon_cottonthread_lv4,icon_dragon_attribute1,2,[1],1,45,1,1800,"[3014,10800,27,54]",22,0.5,"[1002,5000]",2,0,[],[],2100,4,E_dragon_assistance_crown,1,120001,"[[1,""video_dragon_product.webm""],[2,""video_dragon_support.webm""],[3,""video_dragon_breed.webm""],[5,""video_dragon_crownproduct.webm""]]",1,"[1002,30]",,"[3,1,3]",[]
,,,,,,,,,,,,,,,,,,,,,,,,,,,,,,,,,,,
,,,,,,,,,,,,,,,,,,,,,,,,,,,,,,,,,,,
,,,,,,,,,,,,,,,,,,,,,,,,,,,,,,,,,,,
,,,,,,,,,,,,,,,,,,,,,,,,,,,,,,,,,,,
,,,,,,,,,,,,,,,,,,,,,,,,,,,,,,,,,,,
,,,,,,,,,,,,,,,,,,,,,,,,,,,,,,,,,,,
,,,,,,,,,,,,,,,,,,,,,,,,,,,,,,,,,,,
,,,,,,,,,,,,,,,,,,,,,,,,,,,,,,,,,,,
,,,,,,,,,,,,,,,,,,,,,,,,,,,,,,,,,,,
,,,,,,,,,,,,,,,,,,,,,,,,,,,,,,,,,,,
,,,,,,,,,,,,,,,,,,,,,,,,,,,,,,,,,,,
,,,,,,,,,,,,,,,,,,,,,,,,,,,,,,,,,,,
,,,,,,,,,,,,,,,,,,,,,,,,,,,,,,,,,,,
,,,,,,,,,,,,,,,,,,,,,,,,,,,,,,,,,,,
,,,,,,,,,,,,,,,,,,,,,,,,,,,,,,,,,,,
,,,,,,,,,,,,,,,,,,,,,,,,,,,,,,,,,,,
,,,,,,,,,,,,,,,,,,,,,,,,,,,,,,,,,,,
,,,,,,,,,,,,,,,,,,,,,,,,,,,,,,,,,,,
,,,,,,,,,,,,,,,,,,,,,,,,,,,,,,,,,,,
,,,,,,,,,,,,,,,,,,,,,,,,,,,,,,,,,,,
,,,,,,,,,,,,,,,,,,,,,,,,,,,,,,,,,,,
,,,,,,,,,,,,,,,,,,,,,,,,,,,,,,,,,,,
,,,,,,,,,,,,,,,,,,,,,,,,,,,,,,,,,,,
,,,,,,,,,,,,,,,,,,,,,,,,,,,,,,,,,,,
,,,,,,,,,,,,,,,,,,,,,,,,,,,,,,,,,,,
,,,,,,,,,,,,,,,,,,,,,,,,,,,,,,,,,,,
,,,,,,,,,,,,,,,,,,,,,,,,,,,,,,,,,,,
,,,,,,,,,,,,,,,,,,,,,,,,,,,,,,,,,,,
,,,,,,,,,,,,,,,,,,,,,,,,,,,,,,,,,,,
,,,,,,,,,,,,,,,,,,,,,,,,,,,,,,,,,,,
,,,,,,,,,,,,,,,,,,,,,,,,,,,,,,,,,,,
,,,,,,,,,,,,,,,,,,,,,,,,,,,,,,,,,,,
,,,,,,,,,,,,,,,,,,,,,,,,,,,,,,,,,,,
,,,,,,,,,,,,,,,,,,,,,,,,,,,,,,,,,,,
,,,,,,,,,,,,,,,,,,,,,,,,,,,,,,,,,,,
,,,,,,,,,,,,,,,,,,,,,,,,,,,,,,,,,,,
,,,,,,,,,,,,,,,,,,,,,,,,,,,,,,,,,,,
,,,,,,,,,,,,,,,,,,,,,,,,,,,,,,,,,,,
,,,,,,,,,,,,,,,,,,,,,,,,,,,,,,,,,,,
,,,,,,,,,,,,,,,,,,,,,,,,,,,,,,,,,,,
,,,,,,,,,,,,,,,,,,,,,,,,,,,,,,,,,,,
,,,,,,,,,,,,,,,,,,,,,,,,,,,,,,,,,,,
,,,,,,,,,,,,,,,,,,,,,,,,,,,,,,,,,,,
,,,,,,,,,,,,,,,,,,,,,,,,,,,,,,,,,,,
,,,,,,,,,,,,,,,,,,,,,,,,,,,,,,,,,,,
,,,,,,,,,,,,,,,,,,,,,,,,,,,,,,,,,,,
,,,,,,,,,,,,,,,,,,,,,,,,,,,,,,,,,,,
,,,,,,,,,,,,,,,,,,,,,,,,,,,,,,,,,,,
,,,,,,,,,,,,,,,,,,,,,,,,,,,,,,,,,,,
,,,,,,,,,,,,,,,,,,,,,,,,,,,,,,,,,,,
,,,,,,,,,,,,,,,,,,,,,,,,,,,,,,,,,,,
,,,,,,,,,,,,,,,,,,,,,,,,,,,,,,,,,,,
,,,,,,,,,,,,,,,,,,,,,,,,,,,,,,,,,,,
,,,,,,,,,,,,,,,,,,,,,,,,,,,,,,,,,,,
,,,,,,,,,,,,,,,,,,,,,,,,,,,,,,,,,,,
,,,,,,,,,,,,,,,,,,,,,,,,,,,,,,,,,,,
,,,,,,,,,,,,,,,,,,,,,,,,,,,,,,,,,,,
,,,,,,,,,,,,,,,,,,,,,,,,,,,,,,,,,,,
,,,,,,,,,,,,,,,,,,,,,,,,,,,,,,,,,,,
,,,,,,,,,,,,,,,,,,,,,,,,,,,,,,,,,,,
,,,,,,,,,,,,,,,,,,,,,,,,,,,,,,,,,,,
,,,,,,,,,,,,,,,,,,,,,,,,,,,,,,,,,,,
,,,,,,,,,,,,,,,,,,,,,,,,,,,,,,,,,,,
,,,,,,,,,,,,,,,,,,,,,,,,,,,,,,,,,,,
,,,,,,,,,,,,,,,,,,,,,,,,,,,,,,,,,,,
,,,,,,,,,,,,,,,,,,,,,,,,,,,,,,,,,,,
,,,,,,,,,,,,,,,,,,,,,,,,,,,,,,,,,,,
,,,,,,,,,,,,,,,,,,,,,,,,,,,,,,,,,,,
,,,,,,,,,,,,,,,,,,,,,,,,,,,,,,,,,,,
,,,,,,,,,,,,,,,,,,,,,,,,,,,,,,,,,,,
,,,,,,,,,,,,,,,,,,,,,,,,,,,,,,,,,,,
,,,,,,,,,,,,,,,,,,,,,,,,,,,,,,,,,,,
,,,,,,,,,,,,,,,,,,,,,,,,,,,,,,,,,,,
,,,,,,,,,,,,,,,,,,,,,,,,,,,,,,,,,,,
,,,,,,,,,,,,,,,,,,,,,,,,,,,,,,,,,,,
,,,,,,,,,,,,,,,,,,,,,,,,,,,,,,,,,,,
,,,,,,,,,,,,,,,,,,,,,,,,,,,,,,,,,,,
,,,,,,,,,,,,,,,,,,,,,,,,,,,,,,,,,,,
,,,,,,,,,,,,,,,,,,,,,,,,,,,,,,,,,,,
,,,,,,,,,,,,,,,,,,,,,,,,,,,,,,,,,,,
,,,,,,,,,,,,,,,,,,,,,,,,,,,,,,,,,,,
,,,,,,,,,,,,,,,,,,,,,,,,,,,,,,,,,,,
,,,,,,,,,,,,,,,,,,,,,,,,,,,,,,,,,,,
,,,,,,,,,,,,,,,,,,,,,,,,,,,,,,,,,,,
,,,,,,,,,,,,,,,,,,,,,,,,,,,,,,,,,,,
,,,,,,,,,,,,,,,,,,,,,,,,,,,,,,,,,,,
,,,,,,,,,,,,,,,,,,,,,,,,,,,,,,,,,,,
,,,,,,,,,,,,,,,,,,,,,,,,,,,,,,,,,,,
,,,,,,,,,,,,,,,,,,,,,,,,,,,,,,,,,,,
,,,,,,,,,,,,,,,,,,,,,,,,,,,,,,,,,,,
,,,,,,,,,,,,,,,,,,,,,,,,,,,,,,,,,,,
,,,,,,,,,,,,,,,,,,,,,,,,,,,,,,,,,,,
,,,,,,,,,,,,,,,,,,,,,,,,,,,,,,,,,,,
,,,,,,,,,,,,,,,,,,,,,,,,,,,,,,,,,,,
,,,,,,,,,,,,,,,,,,,,,,,,,,,,,,,,,,,
,,,,,,,,,,,,,,,,,,,,,,,,,,,,,,,,,,,
,,,,,,,,,,,,,,,,,,,,,,,,,,,,,,,,,,,
,,,,,,,,,,,,,,,,,,,,,,,,,,,,,,,,,,,
,,,,,,,,,,,,,,,,,,,,,,,,,,,,,,,,,,,
,,,,,,,,,,,,,,,,,,,,,,,,,,,,,,,,,,,
,,,,,,,,,,,,,,,,,,,,,,,,,,,,,,,,,,,
,,,,,,,,,,,,,,,,,,,,,,,,,,,,,,,,,,,
,,,,,,,,,,,,,,,,,,,,,,,,,,,,,,,,,,,
,,,,,,,,,,,,,,,,,,,,,,,,,,,,,,,,,,,
,,,,,,,,,,,,,,,,,,,,,,,,,,,,,,,,,,,
,,,,,,,,,,,,,,,,,,,,,,,,,,,,,,,,,,,
,,,,,,,,,,,,,,,,,,,,,,,,,,,,,,,,,,,
,,,,,,,,,,,,,,,,,,,,,,,,,,,,,,,,,,,
,,,,,,,,,,,,,,,,,,,,,,,,,,,,,,,,,,,
,,,,,,,,,,,,,,,,,,,,,,,,,,,,,,,,,,,
,,,,,,,,,,,,,,,,,,,,,,,,,,,,,,,,,,,
,,,,,,,,,,,,,,,,,,,,,,,,,,,,,,,,,,,
,,,,,,,,,,,,,,,,,,,,,,,,,,,,,,,,,,,
,,,,,,,,,,,,,,,,,,,,,,,,,,,,,,,,,,,
,,,,,,,,,,,,,,,,,,,,,,,,,,,,,,,,,,,
,,,,,,,,,,,,,,,,,,,,,,,,,,,,,,,,,,,
,,,,,,,,,,,,,,,,,,,,,,,,,,,,,,,,,,,
,,,,,,,,,,,,,,,,,,,,,,,,,,,,,,,,,,,
,,,,,,,,,,,,,,,,,,,,,,,,,,,,,,,,,,,
,,,,,,,,,,,,,,,,,,,,,,,,,,,,,,,,,,,
,,,,,,,,,,,,,,,,,,,,,,,,,,,,,,,,,,,
,,,,,,,,,,,,,,,,,,,,,,,,,,,,,,,,,,,
,,,,,,,,,,,,,,,,,,,,,,,,,,,,,,,,,,,
,,,,,,,,,,,,,,,,,,,,,,,,,,,,,,,,,,,
,,,,,,,,,,,,,,,,,,,,,,,,,,,,,,,,,,,
,,,,,,,,,,,,,,,,,,,,,,,,,,,,,,,,,,,
,,,,,,,,,,,,,,,,,,,,,,,,,,,,,,,,,,,
,,,,,,,,,,,,,,,,,,,,,,,,,,,,,,,,,,,
,,,,,,,,,,,,,,,,,,,,,,,,,,,,,,,,,,,
,,,,,,,,,,,,,,,,,,,,,,,,,,,,,,,,,,,
,,,,,,,,,,,,,,,,,,,,,,,,,,,,,,,,,,,
,,,,,,,,,,,,,,,,,,,,,,,,,,,,,,,,,,,
,,,,,,,,,,,,,,,,,,,,,,,,,,,,,,,,,,,
,,,,,,,,,,,,,,,,,,,,,,,,,,,,,,,,,,,
,,,,,,,,,,,,,,,,,,,,,,,,,,,,,,,,,,,
,,,,,,,,,,,,,,,,,,,,,,,,,,,,,,,,,,,
,,,,,,,,,,,,,,,,,,,,,,,,,,,,,,,,,,,
,,,,,,,,,,,,,,,,,,,,,,,,,,,,,,,,,,,
,,,,,,,,,,,,,,,,,,,,,,,,,,,,,,,,,,,
,,,,,,,,,,,,,,,,,,,,,,,,,,,,,,,,,,,
,,,,,,,,,,,,,,,,,,,,,,,,,,,,,,,,,,,
,,,,,,,,,,,,,,,,,,,,,,,,,,,,,,,,,,,
,,,,,,,,,,,,,,,,,,,,,,,,,,,,,,,,,,,
,,,,,,,,,,,,,,,,,,,,,,,,,,,,,,,,,,,
,,,,,,,,,,,,,,,,,,,,,,,,,,,,,,,,,,,
,,,,,,,,,,,,,,,,,,,,,,,,,,,,,,,,,,,
,,,,,,,,,,,,,,,,,,,,,,,,,,,,,,,,,,,
,,,,,,,,,,,,,,,,,,,,,,,,,,,,,,,,,,,
,,,,,,,,,,,,,,,,,,,,,,,,,,,,,,,,,,,
,,,,,,,,,,,,,,,,,,,,,,,,,,,,,,,,,,,
,,,,,,,,,,,,,,,,,,,,,,,,,,,,,,,,,,,
,,,,,,,,,,,,,,,,,,,,,,,,,,,,,,,,,,,
,,,,,,,,,,,,,,,,,,,,,,,,,,,,,,,,,,,
,,,,,,,,,,,,,,,,,,,,,,,,,,,,,,,,,,,
,,,,,,,,,,,,,,,,,,,,,,,,,,,,,,,,,,,
,,,,,,,,,,,,,,,,,,,,,,,,,,,,,,,,,,,
,,,,,,,,,,,,,,,,,,,,,,,,,,,,,,,,,,,
,,,,,,,,,,,,,,,,,,,,,,,,,,,,,,,,,,,
,,,,,,,,,,,,,,,,,,,,,,,,,,,,,,,,,,,
,,,,,,,,,,,,,,,,,,,,,,,,,,,,,,,,,,,
,,,,,,,,,,,,,,,,,,,,,,,,,,,,,,,,,,,
,,,,,,,,,,,,,,,,,,,,,,,,,,,,,,,,,,,
,,,,,,,,,,,,,,,,,,,,,,,,,,,,,,,,,,,
,,,,,,,,,,,,,,,,,,,,,,,,,,,,,,,,,,,
,,,,,,,,,,,,,,,,,,,,,,,,,,,,,,,,,,,
,,,,,,,,,,,,,,,,,,,,,,,,,,,,,,,,,,,
,,,,,,,,,,,,,,,,,,,,,,,,,,,,,,,,,,,
,,,,,,,,,,,,,,,,,,,,,,,,,,,,,,,,,,,
,,,,,,,,,,,,,,,,,,,,,,,,,,,,,,,,,,,
,,,,,,,,,,,,,,,,,,,,,,,,,,,,,,,,,,,
,,,,,,,,,,,,,,,,,,,,,,,,,,,,,,,,,,,
,,,,,,,,,,,,,,,,,,,,,,,,,,,,,,,,,,,
,,,,,,,,,,,,,,,,,,,,,,,,,,,,,,,,,,,
,,,,,,,,,,,,,,,,,,,,,,,,,,,,,,,,,,,
,,,,,,,,,,,,,,,,,,,,,,,,,,,,,,,,,,,
,,,,,,,,,,,,,,,,,,,,,,,,,,,,,,,,,,,
,,,,,,,,,,,,,,,,,,,,,,,,,,,,,,,,,,,
,,,,,,,,,,,,,,,,,,,,,,,,,,,,,,,,,,,
,,,,,,,,,,,,,,,,,,,,,,,,,,,,,,,,,,,
,,,,,,,,,,,,,,,,,,,,,,,,,,,,,,,,,,,
,,,,,,,,,,,,,,,,,,,,,,,,,,,,,,,,,,,
,,,,,,,,,,,,,,,,,,,,,,,,,,,,,,,,,,,
,,,,,,,,,,,,,,,,,,,,,,,,,,,,,,,,,,,
,,,,,,,,,,,,,,,,,,,,,,,,,,,,,,,,,,,
,,,,,,,,,,,,,,,,,,,,,,,,,,,,,,,,,,,
,,,,,,,,,,,,,,,,,,,,,,,,,,,,,,,,,,,
,,,,,,,,,,,,,,,,,,,,,,,,,,,,,,,,,,,
,,,,,,,,,,,,,,,,,,,,,,,,,,,,,,,,,,,
,,,,,,,,,,,,,,,,,,,,,,,,,,,,,,,,,,,
,,,,,,,,,,,,,,,,,,,,,,,,,,,,,,,,,,,
,,,,,,,,,,,,,,,,,,,,,,,,,,,,,,,,,,,
,,,,,,,,,,,,,,,,,,,,,,,,,,,,,,,,,,,
,,,,,,,,,,,,,,,,,,,,,,,,,,,,,,,,,,,
,,,,,,,,,,,,,,,,,,,,,,,,,,,,,,,,,,,
,,,,,,,,,,,,,,,,,,,,,,,,,,,,,,,,,,,
,,,,,,,,,,,,,,,,,,,,,,,,,,,,,,,,,,,
,,,,,,,,,,,,,,,,,,,,,,,,,,,,,,,,,,,
,,,,,,,,,,,,,,,,,,,,,,,,,,,,,,,,,,,
,,,,,,,,,,,,,,,,,,,,,,,,,,,,,,,,,,,
,,,,,,,,,,,,,,,,,,,,,,,,,,,,,,,,,,,
,,,,,,,,,,,,,,,,,,,,,,,,,,,,,,,,,,,
,,,,,,,,,,,,,,,,,,,,,,,,,,,,,,,,,,,
,,,,,,,,,,,,,,,,,,,,,,,,,,,,,,,,,,,
,,,,,,,,,,,,,,,,,,,,,,,,,,,,,,,,,,,
,,,,,,,,,,,,,,,,,,,,,,,,,,,,,,,,,,,
,,,,,,,,,,,,,,,,,,,,,,,,,,,,,,,,,,,
,,,,,,,,,,,,,,,,,,,,,,,,,,,,,,,,,,,
,,,,,,,,,,,,,,,,,,,,,,,,,,,,,,,,,,,
,,,,,,,,,,,,,,,,,,,,,,,,,,,,,,,,,,,
,,,,,,,,,,,,,,,,,,,,,,,,,,,,,,,,,,,
,,,,,,,,,,,,,,,,,,,,,,,,,,,,,,,,,,,
,,,,,,,,,,,,,,,,,,,,,,,,,,,,,,,,,,,
,,,,,,,,,,,,,,,,,,,,,,,,,,,,,,,,,,,
,,,,,,,,,,,,,,,,,,,,,,,,,,,,,,,,,,,
,,,,,,,,,,,,,,,,,,,,,,,,,,,,,,,,,,,
,,,,,,,,,,,,,,,,,,,,,,,,,,,,,,,,,,,
,,,,,,,,,,,,,,,,,,,,,,,,,,,,,,,,,,,
,,,,,,,,,,,,,,,,,,,,,,,,,,,,,,,,,,,
,,,,,,,,,,,,,,,,,,,,,,,,,,,,,,,,,,,
,,,,,,,,,,,,,,,,,,,,,,,,,,,,,,,,,,,
,,,,,,,,,,,,,,,,,,,,,,,,,,,,,,,,,,,
,,,,,,,,,,,,,,,,,,,,,,,,,,,,,,,,,,,
,,,,,,,,,,,,,,,,,,,,,,,,,,,,,,,,,,,
,,,,,,,,,,,,,,,,,,,,,,,,,,,,,,,,,,,
,,,,,,,,,,,,,,,,,,,,,,,,,,,,,,,,,,,
,,,,,,,,,,,,,,,,,,,,,,,,,,,,,,,,,,,
,,,,,,,,,,,,,,,,,,,,,,,,,,,,,,,,,,,
,,,,,,,,,,,,,,,,,,,,,,,,,,,,,,,,,,,
,,,,,,,,,,,,,,,,,,,,,,,,,,,,,,,,,,,
,,,,,,,,,,,,,,,,,,,,,,,,,,,,,,,,,,,
,,,,,,,,,,,,,,,,,,,,,,,,,,,,,,,,,,,
,,,,,,,,,,,,,,,,,,,,,,,,,,,,,,,,,,,
,,,,,,,,,,,,,,,,,,,,,,,,,,,,,,,,,,,
,,,,,,,,,,,,,,,,,,,,,,,,,,,,,,,,,,,
,,,,,,,,,,,,,,,,,,,,,,,,,,,,,,,,,,,
,,,,,,,,,,,,,,,,,,,,,,,,,,,,,,,,,,,
,,,,,,,,,,,,,,,,,,,,,,,,,,,,,,,,,,,
,,,,,,,,,,,,,,,,,,,,,,,,,,,,,,,,,,,
,,,,,,,,,,,,,,,,,,,,,,,,,,,,,,,,,,,
,,,,,,,,,,,,,,,,,,,,,,,,,,,,,,,,,,,
,,,,,,,,,,,,,,,,,,,,,,,,,,,,,,,,,,,
,,,,,,,,,,,,,,,,,,,,,,,,,,,,,,,,,,,
,,,,,,,,,,,,,,,,,,,,,,,,,,,,,,,,,,,
,,,,,,,,,,,,,,,,,,,,,,,,,,,,,,,,,,,
,,,,,,,,,,,,,,,,,,,,,,,,,,,,,,,,,,,
,,,,,,,,,,,,,,,,,,,,,,,,,,,,,,,,,,,
,,,,,,,,,,,,,,,,,,,,,,,,,,,,,,,,,,,
,,,,,,,,,,,,,,,,,,,,,,,,,,,,,,,,,,,
,,,,,,,,,,,,,,,,,,,,,,,,,,,,,,,,,,,
,,,,,,,,,,,,,,,,,,,,,,,,,,,,,,,,,,,
,,,,,,,,,,,,,,,,,,,,,,,,,,,,,,,,,,,
,,,,,,,,,,,,,,,,,,,,,,,,,,,,,,,,,,,
,,,,,,,,,,,,,,,,,,,,,,,,,,,,,,,,,,,
,,,,,,,,,,,,,,,,,,,,,,,,,,,,,,,,,,,
,,,,,,,,,,,,,,,,,,,,,,,,,,,,,,,,,,,
,,,,,,,,,,,,,,,,,,,,,,,,,,,,,,,,,,,
,,,,,,,,,,,,,,,,,,,,,,,,,,,,,,,,,,,
,,,,,,,,,,,,,,,,,,,,,,,,,,,,,,,,,,,
,,,,,,,,,,,,,,,,,,,,,,,,,,,,,,,,,,,
,,,,,,,,,,,,,,,,,,,,,,,,,,,,,,,,,,,
,,,,,,,,,,,,,,,,,,,,,,,,,,,,,,,,,,,
,,,,,,,,,,,,,,,,,,,,,,,,,,,,,,,,,,,
,,,,,,,,,,,,,,,,,,,,,,,,,,,,,,,,,,,
,,,,,,,,,,,,,,,,,,,,,,,,,,,,,,,,,,,
,,,,,,,,,,,,,,,,,,,,,,,,,,,,,,,,,,,
,,,,,,,,,,,,,,,,,,,,,,,,,,,,,,,,,,,
,,,,,,,,,,,,,,,,,,,,,,,,,,,,,,,,,,,
,,,,,,,,,,,,,,,,,,,,,,,,,,,,,,,,,,,
,,,,,,,,,,,,,,,,,,,,,,,,,,,,,,,,,,,
,,,,,,,,,,,,,,,,,,,,,,,,,,,,,,,,,,,
,,,,,,,,,,,,,,,,,,,,,,,,,,,,,,,,,,,
,,,,,,,,,,,,,,,,,,,,,,,,,,,,,,,,,,,
,,,,,,,,,,,,,,,,,,,,,,,,,,,,,,,,,,,
,,,,,,,,,,,,,,,,,,,,,,,,,,,,,,,,,,,
,,,,,,,,,,,,,,,,,,,,,,,,,,,,,,,,,,,
,,,,,,,,,,,,,,,,,,,,,,,,,,,,,,,,,,,
,,,,,,,,,,,,,,,,,,,,,,,,,,,,,,,,,,,
,,,,,,,,,,,,,,,,,,,,,,,,,,,,,,,,,,,
,,,,,,,,,,,,,,,,,,,,,,,,,,,,,,,,,,,
,,,,,,,,,,,,,,,,,,,,,,,,,,,,,,,,,,,
,,,,,,,,,,,,,,,,,,,,,,,,,,,,,,,,,,,
,,,,,,,,,,,,,,,,,,,,,,,,,,,,,,,,,,,
,,,,,,,,,,,,,,,,,,,,,,,,,,,,,,,,,,,
,,,,,,,,,,,,,,,,,,,,,,,,,,,,,,,,,,,
,,,,,,,,,,,,,,,,,,,,,,,,,,,,,,,,,,,
,,,,,,,,,,,,,,,,,,,,,,,,,,,,,,,,,,,
,,,,,,,,,,,,,,,,,,,,,,,,,,,,,,,,,,,
,,,,,,,,,,,,,,,,,,,,,,,,,,,,,,,,,,,
,,,,,,,,,,,,,,,,,,,,,,,,,,,,,,,,,,,
,,,,,,,,,,,,,,,,,,,,,,,,,,,,,,,,,,,
,,,,,,,,,,,,,,,,,,,,,,,,,,,,,,,,,,,
,,,,,,,,,,,,,,,,,,,,,,,,,,,,,,,,,,,
,,,,,,,,,,,,,,,,,,,,,,,,,,,,,,,,,,,
,,,,,,,,,,,,,,,,,,,,,,,,,,,,,,,,,,,
,,,,,,,,,,,,,,,,,,,,,,,,,,,,,,,,,,,
,,,,,,,,,,,,,,,,,,,,,,,,,,,,,,,,,,,
,,,,,,,,,,,,,,,,,,,,,,,,,,,,,,,,,,,
,,,,,,,,,,,,,,,,,,,,,,,,,,,,,,,,,,,
,,,,,,,,,,,,,,,,,,,,,,,,,,,,,,,,,,,
,,,,,,,,,,,,,,,,,,,,,,,,,,,,,,,,,,,
,,,,,,,,,,,,,,,,,,,,,,,,,,,,,,,,,,,
,,,,,,,,,,,,,,,,,,,,,,,,,,,,,,,,,,,
,,,,,,,,,,,,,,,,,,,,,,,,,,,,,,,,,,,
,,,,,,,,,,,,,,,,,,,,,,,,,,,,,,,,,,,
,,,,,,,,,,,,,,,,,,,,,,,,,,,,,,,,,,,
,,,,,,,,,,,,,,,,,,,,,,,,,,,,,,,,,,,
,,,,,,,,,,,,,,,,,,,,,,,,,,,,,,,,,,,
,,,,,,,,,,,,,,,,,,,,,,,,,,,,,,,,,,,
,,,,,,,,,,,,,,,,,,,,,,,,,,,,,,,,,,,
,,,,,,,,,,,,,,,,,,,,,,,,,,,,,,,,,,,
,,,,,,,,,,,,,,,,,,,,,,,,,,,,,,,,,,,
,,,,,,,,,,,,,,,,,,,,,,,,,,,,,,,,,,,
,,,,,,,,,,,,,,,,,,,,,,,,,,,,,,,,,,,
,,,,,,,,,,,,,,,,,,,,,,,,,,,,,,,,,,,
,,,,,,,,,,,,,,,,,,,,,,,,,,,,,,,,,,,
,,,,,,,,,,,,,,,,,,,,,,,,,,,,,,,,,,,
,,,,,,,,,,,,,,,,,,,,,,,,,,,,,,,,,,,
,,,,,,,,,,,,,,,,,,,,,,,,,,,,,,,,,,,
,,,,,,,,,,,,,,,,,,,,,,,,,,,,,,,,,,,
,,,,,,,,,,,,,,,,,,,,,,,,,,,,,,,,,,,
,,,,,,,,,,,,,,,,,,,,,,,,,,,,,,,,,,,
,,,,,,,,,,,,,,,,,,,,,,,,,,,,,,,,,,,
,,,,,,,,,,,,,,,,,,,,,,,,,,,,,,,,,,,
,,,,,,,,,,,,,,,,,,,,,,,,,,,,,,,,,,,
,,,,,,,,,,,,,,,,,,,,,,,,,,,,,,,,,,,
,,,,,,,,,,,,,,,,,,,,,,,,,,,,,,,,,,,
,,,,,,,,,,,,,,,,,,,,,,,,,,,,,,,,,,,
,,,,,,,,,,,,,,,,,,,,,,,,,,,,,,,,,,,
,,,,,,,,,,,,,,,,,,,,,,,,,,,,,,,,,,,
,,,,,,,,,,,,,,,,,,,,,,,,,,,,,,,,,,,
,,,,,,,,,,,,,,,,,,,,,,,,,,,,,,,,,,,
,,,,,,,,,,,,,,,,,,,,,,,,,,,,,,,,,,,
,,,,,,,,,,,,,,,,,,,,,,,,,,,,,,,,,,,
,,,,,,,,,,,,,,,,,,,,,,,,,,,,,,,,,,,
,,,,,,,,,,,,,,,,,,,,,,,,,,,,,,,,,,,
,,,,,,,,,,,,,,,,,,,,,,,,,,,,,,,,,,,
,,,,,,,,,,,,,,,,,,,,,,,,,,,,,,,,,,,
,,,,,,,,,,,,,,,,,,,,,,,,,,,,,,,,,,,
,,,,,,,,,,,,,,,,,,,,,,,,,,,,,,,,,,,
,,,,,,,,,,,,,,,,,,,,,,,,,,,,,,,,,,,
,,,,,,,,,,,,,,,,,,,,,,,,,,,,,,,,,,,
,,,,,,,,,,,,,,,,,,,,,,,,,,,,,,,,,,,
,,,,,,,,,,,,,,,,,,,,,,,,,,,,,,,,,,,
,,,,,,,,,,,,,,,,,,,,,,,,,,,,,,,,,,,
,,,,,,,,,,,,,,,,,,,,,,,,,,,,,,,,,,,
,,,,,,,,,,,,,,,,,,,,,,,,,,,,,,,,,,,
,,,,,,,,,,,,,,,,,,,,,,,,,,,,,,,,,,,
,,,,,,,,,,,,,,,,,,,,,,,,,,,,,,,,,,,
,,,,,,,,,,,,,,,,,,,,,,,,,,,,,,,,,,,
,,,,,,,,,,,,,,,,,,,,,,,,,,,,,,,,,,,
,,,,,,,,,,,,,,,,,,,,,,,,,,,,,,,,,,,
,,,,,,,,,,,,,,,,,,,,,,,,,,,,,,,,,,,
,,,,,,,,,,,,,,,,,,,,,,,,,,,,,,,,,,,
,,,,,,,,,,,,,,,,,,,,,,,,,,,,,,,,,,,
,,,,,,,,,,,,,,,,,,,,,,,,,,,,,,,,,,,
,,,,,,,,,,,,,,,,,,,,,,,,,,,,,,,,,,,
,,,,,,,,,,,,,,,,,,,,,,,,,,,,,,,,,,,
,,,,,,,,,,,,,,,,,,,,,,,,,,,,,,,,,,,
,,,,,,,,,,,,,,,,,,,,,,,,,,,,,,,,,,,
,,,,,,,,,,,,,,,,,,,,,,,,,,,,,,,,,,,
,,,,,,,,,,,,,,,,,,,,,,,,,,,,,,,,,,,
,,,,,,,,,,,,,,,,,,,,,,,,,,,,,,,,,,,
,,,,,,,,,,,,,,,,,,,,,,,,,,,,,,,,,,,
,,,,,,,,,,,,,,,,,,,,,,,,,,,,,,,,,,,
,,,,,,,,,,,,,,,,,,,,,,,,,,,,,,,,,,,
,,,,,,,,,,,,,,,,,,,,,,,,,,,,,,,,,,,
,,,,,,,,,,,,,,,,,,,,,,,,,,,,,,,,,,,
,,,,,,,,,,,,,,,,,,,,,,,,,,,,,,,,,,,
,,,,,,,,,,,,,,,,,,,,,,,,,,,,,,,,,,,
,,,,,,,,,,,,,,,,,,,,,,,,,,,,,,,,,,,
,,,,,,,,,,,,,,,,,,,,,,,,,,,,,,,,,,,
,,,,,,,,,,,,,,,,,,,,,,,,,,,,,,,,,,,
,,,,,,,,,,,,,,,,,,,,,,,,,,,,,,,,,,,
,,,,,,,,,,,,,,,,,,,,,,,,,,,,,,,,,,,
,,,,,,,,,,,,,,,,,,,,,,,,,,,,,,,,,,,
,,,,,,,,,,,,,,,,,,,,,,,,,,,,,,,,,,,
,,,,,,,,,,,,,,,,,,,,,,,,,,,,,,,,,,,
,,,,,,,,,,,,,,,,,,,,,,,,,,,,,,,,,,,
,,,,,,,,,,,,,,,,,,,,,,,,,,,,,,,,,,,
,,,,,,,,,,,,,,,,,,,,,,,,,,,,,,,,,,,
,,,,,,,,,,,,,,,,,,,,,,,,,,,,,,,,,,,
,,,,,,,,,,,,,,,,,,,,,,,,,,,,,,,,,,,
,,,,,,,,,,,,,,,,,,,,,,,,,,,,,,,,,,,
,,,,,,,,,,,,,,,,,,,,,,,,,,,,,,,,,,,
,,,,,,,,,,,,,,,,,,,,,,,,,,,,,,,,,,,
,,,,,,,,,,,,,,,,,,,,,,,,,,,,,,,,,,,
,,,,,,,,,,,,,,,,,,,,,,,,,,,,,,,,,,,
,,,,,,,,,,,,,,,,,,,,,,,,,,,,,,,,,,,
,,,,,,,,,,,,,,,,,,,,,,,,,,,,,,,,,,,
,,,,,,,,,,,,,,,,,,,,,,,,,,,,,,,,,,,
,,,,,,,,,,,,,,,,,,,,,,,,,,,,,,,,,,,
,,,,,,,,,,,,,,,,,,,,,,,,,,,,,,,,,,,
,,,,,,,,,,,,,,,,,,,,,,,,,,,,,,,,,,,
,,,,,,,,,,,,,,,,,,,,,,,,,,,,,,,,,,,
,,,,,,,,,,,,,,,,,,,,,,,,,,,,,,,,,,,
,,,,,,,,,,,,,,,,,,,,,,,,,,,,,,,,,,,
,,,,,,,,,,,,,,,,,,,,,,,,,,,,,,,,,,,
,,,,,,,,,,,,,,,,,,,,,,,,,,,,,,,,,,,
,,,,,,,,,,,,,,,,,,,,,,,,,,,,,,,,,,,
,,,,,,,,,,,,,,,,,,,,,,,,,,,,,,,,,,,
,,,,,,,,,,,,,,,,,,,,,,,,,,,,,,,,,,,
,,,,,,,,,,,,,,,,,,,,,,,,,,,,,,,,,,,
,,,,,,,,,,,,,,,,,,,,,,,,,,,,,,,,,,,
,,,,,,,,,,,,,,,,,,,,,,,,,,,,,,,,,,,
,,,,,,,,,,,,,,,,,,,,,,,,,,,,,,,,,,,
,,,,,,,,,,,,,,,,,,,,,,,,,,,,,,,,,,,
,,,,,,,,,,,,,,,,,,,,,,,,,,,,,,,,,,,
,,,,,,,,,,,,,,,,,,,,,,,,,,,,,,,,,,,
,,,,,,,,,,,,,,,,,,,,,,,,,,,,,,,,,,,
,,,,,,,,,,,,,,,,,,,,,,,,,,,,,,,,,,,
,,,,,,,,,,,,,,,,,,,,,,,,,,,,,,,,,,,
,,,,,,,,,,,,,,,,,,,,,,,,,,,,,,,,,,,
,,,,,,,,,,,,,,,,,,,,,,,,,,,,,,,,,,,
,,,,,,,,,,,,,,,,,,,,,,,,,,,,,,,,,,,
,,,,,,,,,,,,,,,,,,,,,,,,,,,,,,,,,,,
,,,,,,,,,,,,,,,,,,,,,,,,,,,,,,,,,,,
,,,,,,,,,,,,,,,,,,,,,,,,,,,,,,,,,,,
,,,,,,,,,,,,,,,,,,,,,,,,,,,,,,,,,,,
,,,,,,,,,,,,,,,,,,,,,,,,,,,,,,,,,,,
,,,,,,,,,,,,,,,,,,,,,,,,,,,,,,,,,,,
,,,,,,,,,,,,,,,,,,,,,,,,,,,,,,,,,,,
,,,,,,,,,,,,,,,,,,,,,,,,,,,,,,,,,,,
,,,,,,,,,,,,,,,,,,,,,,,,,,,,,,,,,,,
,,,,,,,,,,,,,,,,,,,,,,,,,,,,,,,,,,,
,,,,,,,,,,,,,,,,,,,,,,,,,,,,,,,,,,,
,,,,,,,,,,,,,,,,,,,,,,,,,,,,,,,,,,,
,,,,,,,,,,,,,,,,,,,,,,,,,,,,,,,,,,,
,,,,,,,,,,,,,,,,,,,,,,,,,,,,,,,,,,,
,,,,,,,,,,,,,,,,,,,,,,,,,,,,,,,,,,,
,,,,,,,,,,,,,,,,,,,,,,,,,,,,,,,,,,,
,,,,,,,,,,,,,,,,,,,,,,,,,,,,,,,,,,,
,,,,,,,,,,,,,,,,,,,,,,,,,,,,,,,,,,,
,,,,,,,,,,,,,,,,,,,,,,,,,,,,,,,,,,,
,,,,,,,,,,,,,,,,,,,,,,,,,,,,,,,,,,,
,,,,,,,,,,,,,,,,,,,,,,,,,,,,,,,,,,,
,,,,,,,,,,,,,,,,,,,,,,,,,,,,,,,,,,,
,,,,,,,,,,,,,,,,,,,,,,,,,,,,,,,,,,,
,,,,,,,,,,,,,,,,,,,,,,,,,,,,,,,,,,,
,,,,,,,,,,,,,,,,,,,,,,,,,,,,,,,,,,,
,,,,,,,,,,,,,,,,,,,,,,,,,,,,,,,,,,,
,,,,,,,,,,,,,,,,,,,,,,,,,,,,,,,,,,,
,,,,,,,,,,,,,,,,,,,,,,,,,,,,,,,,,,,
,,,,,,,,,,,,,,,,,,,,,,,,,,,,,,,,,,,
,,,,,,,,,,,,,,,,,,,,,,,,,,,,,,,,,,,
,,,,,,,,,,,,,,,,,,,,,,,,,,,,,,,,,,,
,,,,,,,,,,,,,,,,,,,,,,,,,,,,,,,,,,,
,,,,,,,,,,,,,,,,,,,,,,,,,,,,,,,,,,,
,,,,,,,,,,,,,,,,,,,,,,,,,,,,,,,,,,,
,,,,,,,,,,,,,,,,,,,,,,,,,,,,,,,,,,,
,,,,,,,,,,,,,,,,,,,,,,,,,,,,,,,,,,,
,,,,,,,,,,,,,,,,,,,,,,,,,,,,,,,,,,,
,,,,,,,,,,,,,,,,,,,,,,,,,,,,,,,,,,,
,,,,,,,,,,,,,,,,,,,,,,,,,,,,,,,,,,,
,,,,,,,,,,,,,,,,,,,,,,,,,,,,,,,,,,,
,,,,,,,,,,,,,,,,,,,,,,,,,,,,,,,,,,,
,,,,,,,,,,,,,,,,,,,,,,,,,,,,,,,,,,,
,,,,,,,,,,,,,,,,,,,,,,,,,,,,,,,,,,,
,,,,,,,,,,,,,,,,,,,,,,,,,,,,,,,,,,,
,,,,,,,,,,,,,,,,,,,,,,,,,,,,,,,,,,,
,,,,,,,,,,,,,,,,,,,,,,,,,,,,,,,,,,,
,,,,,,,,,,,,,,,,,,,,,,,,,,,,,,,,,,,
,,,,,,,,,,,,,,,,,,,,,,,,,,,,,,,,,,,
,,,,,,,,,,,,,,,,,,,,,,,,,,,,,,,,,,,
,,,,,,,,,,,,,,,,,,,,,,,,,,,,,,,,,,,
,,,,,,,,,,,,,,,,,,,,,,,,,,,,,,,,,,,
,,,,,,,,,,,,,,,,,,,,,,,,,,,,,,,,,,,
,,,,,,,,,,,,,,,,,,,,,,,,,,,,,,,,,,,
,,,,,,,,,,,,,,,,,,,,,,,,,,,,,,,,,,,
,,,,,,,,,,,,,,,,,,,,,,,,,,,,,,,,,,,
,,,,,,,,,,,,,,,,,,,,,,,,,,,,,,,,,,,
,,,,,,,,,,,,,,,,,,,,,,,,,,,,,,,,,,,
,,,,,,,,,,,,,,,,,,,,,,,,,,,,,,,,,,,
,,,,,,,,,,,,,,,,,,,,,,,,,,,,,,,,,,,
,,,,,,,,,,,,,,,,,,,,,,,,,,,,,,,,,,,
,,,,,,,,,,,,,,,,,,,,,,,,,,,,,,,,,,,
,,,,,,,,,,,,,,,,,,,,,,,,,,,,,,,,,,,
,,,,,,,,,,,,,,,,,,,,,,,,,,,,,,,,,,,
,,,,,,,,,,,,,,,,,,,,,,,,,,,,,,,,,,,
,,,,,,,,,,,,,,,,,,,,,,,,,,,,,,,,,,,
,,,,,,,,,,,,,,,,,,,,,,,,,,,,,,,,,,,
,,,,,,,,,,,,,,,,,,,,,,,,,,,,,,,,,,,
,,,,,,,,,,,,,,,,,,,,,,,,,,,,,,,,,,,
,,,,,,,,,,,,,,,,,,,,,,,,,,,,,,,,,,,
,,,,,,,,,,,,,,,,,,,,,,,,,,,,,,,,,,,
,,,,,,,,,,,,,,,,,,,,,,,,,,,,,,,,,,,
,,,,,,,,,,,,,,,,,,,,,,,,,,,,,,,,,,,
,,,,,,,,,,,,,,,,,,,,,,,,,,,,,,,,,,,
,,,,,,,,,,,,,,,,,,,,,,,,,,,,,,,,,,,
,,,,,,,,,,,,,,,,,,,,,,,,,,,,,,,,,,,
,,,,,,,,,,,,,,,,,,,,,,,,,,,,,,,,,,,
,,,,,,,,,,,,,,,,,,,,,,,,,,,,,,,,,,,
,,,,,,,,,,,,,,,,,,,,,,,,,,,,,,,,,,,
,,,,,,,,,,,,,,,,,,,,,,,,,,,,,,,,,,,
,,,,,,,,,,,,,,,,,,,,,,,,,,,,,,,,,,,
,,,,,,,,,,,,,,,,,,,,,,,,,,,,,,,,,,,
,,,,,,,,,,,,,,,,,,,,,,,,,,,,,,,,,,,
,,,,,,,,,,,,,,,,,,,,,,,,,,,,,,,,,,,
,,,,,,,,,,,,,,,,,,,,,,,,,,,,,,,,,,,
,,,,,,,,,,,,,,,,,,,,,,,,,,,,,,,,,,,
,,,,,,,,,,,,,,,,,,,,,,,,,,,,,,,,,,,
,,,,,,,,,,,,,,,,,,,,,,,,,,,,,,,,,,,
,,,,,,,,,,,,,,,,,,,,,,,,,,,,,,,,,,,
,,,,,,,,,,,,,,,,,,,,,,,,,,,,,,,,,,,
,,,,,,,,,,,,,,,,,,,,,,,,,,,,,,,,,,,
,,,,,,,,,,,,,,,,,,,,,,,,,,,,,,,,,,,
,,,,,,,,,,,,,,,,,,,,,,,,,,,,,,,,,,,
,,,,,,,,,,,,,,,,,,,,,,,,,,,,,,,,,,,
,,,,,,,,,,,,,,,,,,,,,,,,,,,,,,,,,,,
,,,,,,,,,,,,,,,,,,,,,,,,,,,,,,,,,,,
,,,,,,,,,,,,,,,,,,,,,,,,,,,,,,,,,,,
,,,,,,,,,,,,,,,,,,,,,,,,,,,,,,,,,,,
,,,,,,,,,,,,,,,,,,,,,,,,,,,,,,,,,,,
,,,,,,,,,,,,,,,,,,,,,,,,,,,,,,,,,,,
,,,,,,,,,,,,,,,,,,,,,,,,,,,,,,,,,,,
,,,,,,,,,,,,,,,,,,,,,,,,,,,,,,,,,,,
,,,,,,,,,,,,,,,,,,,,,,,,,,,,,,,,,,,
,,,,,,,,,,,,,,,,,,,,,,,,,,,,,,,,,,,
,,,,,,,,,,,,,,,,,,,,,,,,,,,,,,,,,,,
,,,,,,,,,,,,,,,,,,,,,,,,,,,,,,,,,,,
,,,,,,,,,,,,,,,,,,,,,,,,,,,,,,,,,,,
,,,,,,,,,,,,,,,,,,,,,,,,,,,,,,,,,,,
,,,,,,,,,,,,,,,,,,,,,,,,,,,,,,,,,,,
,,,,,,,,,,,,,,,,,,,,,,,,,,,,,,,,,,,
,,,,,,,,,,,,,,,,,,,,,,,,,,,,,,,,,,,
,,,,,,,,,,,,,,,,,,,,,,,,,,,,,,,,,,,
,,,,,,,,,,,,,,,,,,,,,,,,,,,,,,,,,,,
,,,,,,,,,,,,,,,,,,,,,,,,,,,,,,,,,,,
,,,,,,,,,,,,,,,,,,,,,,,,,,,,,,,,,,,
,,,,,,,,,,,,,,,,,,,,,,,,,,,,,,,,,,,
,,,,,,,,,,,,,,,,,,,,,,,,,,,,,,,,,,,
,,,,,,,,,,,,,,,,,,,,,,,,,,,,,,,,,,,
,,,,,,,,,,,,,,,,,,,,,,,,,,,,,,,,,,,
,,,,,,,,,,,,,,,,,,,,,,,,,,,,,,,,,,,
,,,,,,,,,,,,,,,,,,,,,,,,,,,,,,,,,,,
,,,,,,,,,,,,,,,,,,,,,,,,,,,,,,,,,,,
,,,,,,,,,,,,,,,,,,,,,,,,,,,,,,,,,,,
,,,,,,,,,,,,,,,,,,,,,,,,,,,,,,,,,,,
,,,,,,,,,,,,,,,,,,,,,,,,,,,,,,,,,,,
,,,,,,,,,,,,,,,,,,,,,,,,,,,,,,,,,,,
,,,,,,,,,,,,,,,,,,,,,,,,,,,,,,,,,,,
,,,,,,,,,,,,,,,,,,,,,,,,,,,,,,,,,,,
,,,,,,,,,,,,,,,,,,,,,,,,,,,,,,,,,,,
,,,,,,,,,,,,,,,,,,,,,,,,,,,,,,,,,,,
,,,,,,,,,,,,,,,,,,,,,,,,,,,,,,,,,,,
,,,,,,,,,,,,,,,,,,,,,,,,,,,,,,,,,,,
,,,,,,,,,,,,,,,,,,,,,,,,,,,,,,,,,,,
,,,,,,,,,,,,,,,,,,,,,,,,,,,,,,,,,,,
,,,,,,,,,,,,,,,,,,,,,,,,,,,,,,,,,,,
,,,,,,,,,,,,,,,,,,,,,,,,,,,,,,,,,,,
,,,,,,,,,,,,,,,,,,,,,,,,,,,,,,,,,,,
,,,,,,,,,,,,,,,,,,,,,,,,,,,,,,,,,,,
,,,,,,,,,,,,,,,,,,,,,,,,,,,,,,,,,,,
,,,,,,,,,,,,,,,,,,,,,,,,,,,,,,,,,,,
,,,,,,,,,,,,,,,,,,,,,,,,,,,,,,,,,,,
,,,,,,,,,,,,,,,,,,,,,,,,,,,,,,,,,,,
,,,,,,,,,,,,,,,,,,,,,,,,,,,,,,,,,,,
,,,,,,,,,,,,,,,,,,,,,,,,,,,,,,,,,,,
,,,,,,,,,,,,,,,,,,,,,,,,,,,,,,,,,,,
,,,,,,,,,,,,,,,,,,,,,,,,,,,,,,,,,,,
,,,,,,,,,,,,,,,,,,,,,,,,,,,,,,,,,,,
,,,,,,,,,,,,,,,,,,,,,,,,,,,,,,,,,,,
,,,,,,,,,,,,,,,,,,,,,,,,,,,,,,,,,,,
,,,,,,,,,,,,,,,,,,,,,,,,,,,,,,,,,,,
,,,,,,,,,,,,,,,,,,,,,,,,,,,,,,,,,,,
,,,,,,,,,,,,,,,,,,,,,,,,,,,,,,,,,,,
,,,,,,,,,,,,,,,,,,,,,,,,,,,,,,,,,,,
,,,,,,,,,,,,,,,,,,,,,,,,,,,,,,,,,,,
,,,,,,,,,,,,,,,,,,,,,,,,,,,,,,,,,,,
,,,,,,,,,,,,,,,,,,,,,,,,,,,,,,,,,,,
,,,,,,,,,,,,,,,,,,,,,,,,,,,,,,,,,,,
,,,,,,,,,,,,,,,,,,,,,,,,,,,,,,,,,,,
,,,,,,,,,,,,,,,,,,,,,,,,,,,,,,,,,,,
,,,,,,,,,,,,,,,,,,,,,,,,,,,,,,,,,,,
,,,,,,,,,,,,,,,,,,,,,,,,,,,,,,,,,,,
,,,,,,,,,,,,,,,,,,,,,,,,,,,,,,,,,,,
,,,,,,,,,,,,,,,,,,,,,,,,,,,,,,,,,,,
,,,,,,,,,,,,,,,,,,,,,,,,,,,,,,,,,,,
,,,,,,,,,,,,,,,,,,,,,,,,,,,,,,,,,,,
,,,,,,,,,,,,,,,,,,,,,,,,,,,,,,,,,,,
,,,,,,,,,,,,,,,,,,,,,,,,,,,,,,,,,,,
,,,,,,,,,,,,,,,,,,,,,,,,,,,,,,,,,,,
,,,,,,,,,,,,,,,,,,,,,,,,,,,,,,,,,,,
,,,,,,,,,,,,,,,,,,,,,,,,,,,,,,,,,,,
,,,,,,,,,,,,,,,,,,,,,,,,,,,,,,,,,,,
,,,,,,,,,,,,,,,,,,,,,,,,,,,,,,,,,,,
,,,,,,,,,,,,,,,,,,,,,,,,,,,,,,,,,,,
,,,,,,,,,,,,,,,,,,,,,,,,,,,,,,,,,,,
,,,,,,,,,,,,,,,,,,,,,,,,,,,,,,,,,,,
,,,,,,,,,,,,,,,,,,,,,,,,,,,,,,,,,,,
,,,,,,,,,,,,,,,,,,,,,,,,,,,,,,,,,,,
,,,,,,,,,,,,,,,,,,,,,,,,,,,,,,,,,,,
,,,,,,,,,,,,,,,,,,,,,,,,,,,,,,,,,,,
,,,,,,,,,,,,,,,,,,,,,,,,,,,,,,,,,,,
,,,,,,,,,,,,,,,,,,,,,,,,,,,,,,,,,,,
,,,,,,,,,,,,,,,,,,,,,,,,,,,,,,,,,,,
,,,,,,,,,,,,,,,,,,,,,,,,,,,,,,,,,,,
,,,,,,,,,,,,,,,,,,,,,,,,,,,,,,,,,,,
,,,,,,,,,,,,,,,,,,,,,,,,,,,,,,,,,,,
,,,,,,,,,,,,,,,,,,,,,,,,,,,,,,,,,,,
,,,,,,,,,,,,,,,,,,,,,,,,,,,,,,,,,,,
,,,,,,,,,,,,,,,,,,,,,,,,,,,,,,,,,,,
,,,,,,,,,,,,,,,,,,,,,,,,,,,,,,,,,,,
,,,,,,,,,,,,,,,,,,,,,,,,,,,,,,,,,,,
,,,,,,,,,,,,,,,,,,,,,,,,,,,,,,,,,,,
,,,,,,,,,,,,,,,,,,,,,,,,,,,,,,,,,,,
,,,,,,,,,,,,,,,,,,,,,,,,,,,,,,,,,,,
,,,,,,,,,,,,,,,,,,,,,,,,,,,,,,,,,,,
,,,,,,,,,,,,,,,,,,,,,,,,,,,,,,,,,,,
,,,,,,,,,,,,,,,,,,,,,,,,,,,,,,,,,,,
,,,,,,,,,,,,,,,,,,,,,,,,,,,,,,,,,,,
,,,,,,,,,,,,,,,,,,,,,,,,,,,,,,,,,,,
,,,,,,,,,,,,,,,,,,,,,,,,,,,,,,,,,,,
,,,,,,,,,,,,,,,,,,,,,,,,,,,,,,,,,,,
,,,,,,,,,,,,,,,,,,,,,,,,,,,,,,,,,,,
,,,,,,,,,,,,,,,,,,,,,,,,,,,,,,,,,,,
,,,,,,,,,,,,,,,,,,,,,,,,,,,,,,,,,,,
,,,,,,,,,,,,,,,,,,,,,,,,,,,,,,,,,,,
,,,,,,,,,,,,,,,,,,,,,,,,,,,,,,,,,,,
